mesh6	product	edition	label	served_key
303650	DEM10B	2016-10-01	jgd2000	base/dem10/3036.tif
362257	DEM10B	2019-05-10	jgd2011	base/dem10/3622.tif
362306	DEM10B	2016-10-01	jgd2000	base/dem10/3623-fill.tif
362324	DEM10B	2016-10-01	jgd2000	base/dem10/3623-fill.tif
362327	DEM10B	2016-10-01	jgd2000	base/dem10/3623-fill.tif
362335	DEM10B	2016-10-01	jgd2000	base/dem10/3623-fill.tif
362336	DEM10B	2016-10-01	jgd2000	base/dem10/3623-fill.tif
362337	DEM10B	2016-10-01	jgd2000	base/dem10/3623-fill.tif
362345	DEM10B	2016-10-01	jgd2000	base/dem10/3623-fill.tif
362346	DEM10B	2016-10-01	jgd2000	base/dem10/3623-fill.tif
362347	DEM10B	2016-10-01	jgd2000	base/dem10/3623-fill.tif
362350	DEM10B	2019-05-10	jgd2011	base/dem10/3623.tif
362356	DEM10B	2016-10-01	jgd2000	base/dem10/3623-fill.tif
362420	DEM10B	2016-10-01	jgd2000	base/dem10/3624.tif
362430	DEM10B	2016-10-01	jgd2000	base/dem10/3624.tif
362431	DEM10B	2016-10-01	jgd2000	base/dem10/3624.tif
362440	DEM10B	2016-10-01	jgd2000	base/dem10/3624.tif
362441	DEM10B	2016-10-01	jgd2000	base/dem10/3624.tif
362442	DEM10B	2016-10-01	jgd2000	base/dem10/3624.tif
362450	DEM10B	2016-10-01	jgd2000	base/dem10/3624.tif
362451	DEM10B	2016-10-01	jgd2000	base/dem10/3624.tif
362452	DEM10B	2016-10-01	jgd2000	base/dem10/3624.tif
362461	DEM10B	2016-10-01	jgd2000	base/dem10/3624.tif
362462	DEM10B	2016-10-01	jgd2000	base/dem10/3624.tif
362472	DEM10B	2016-10-01	jgd2000	base/dem10/3624.tif
362475	DEM10B	2016-10-01	jgd2000	base/dem10/3624.tif
363151	DEM10B	2016-10-01	jgd2000	base/dem10/3631.tif
364123	DEM10B	2016-10-01	jgd2000	base/dem10/3641.tif
365337	DEM10B	2019-05-10	jgd2011	base/dem10/3653.tif
372405	DEM10B	2016-10-01	jgd2011	base/dem10/3724.tif
372415	DEM10B	2016-10-01	jgd2011	base/dem10/3724.tif
372501	DEM10B	2016-10-01	jgd2000	base/dem10/3725.tif
372502	DEM10B	2016-10-01	jgd2000	base/dem10/3725.tif
372503	DEM10B	2016-10-01	jgd2000	base/dem10/3725.tif
372511	DEM10B	2016-10-01	jgd2000	base/dem10/3725.tif
372512	DEM10B	2016-10-01	jgd2000	base/dem10/3725.tif
372513	DEM10B	2016-10-01	jgd2000	base/dem10/3725.tif
372521	DEM10B	2016-10-01	jgd2000	base/dem10/3725.tif
372522	DEM10B	2016-10-01	jgd2000	base/dem10/3725.tif
372531	DEM10B	2016-10-01	jgd2000	base/dem10/3725.tif
372532	DEM10B	2016-10-01	jgd2000	base/dem10/3725.tif
374102	DEM10B	2023-07-05	jgd2011	base/dem10/3741.tif
374112	DEM10B	2023-07-05	jgd2011	base/dem10/3741.tif
374113	DEM10B	2023-07-05	jgd2011	base/dem10/3741.tif
382343	DEM10B	2016-10-01	jgd2000	base/dem10/3823.tif
382344	DEM10B	2016-10-01	jgd2000	base/dem10/3823.tif
382353	DEM10B	2016-10-01	jgd2000	base/dem10/3823.tif
382354	DEM10B	2016-10-01	jgd2000	base/dem10/3823.tif
382375	DEM10B	2016-10-01	jgd2000	base/dem10/3823.tif
382474	DEM10B	2016-10-01	jgd2011	base/dem10/3824.tif
383151	DEM10B	2016-10-01	jgd2000	base/dem10/3831.tif
383152	DEM10B	2016-10-01	jgd2000	base/dem10/3831.tif
383161	DEM10B	2016-10-01	jgd2000	base/dem10/3831.tif
383162	DEM10B	2016-10-01	jgd2000	base/dem10/3831.tif
383172	DEM10B	2016-10-01	jgd2000	base/dem10/3831.tif
384112	DEM10B	2016-10-01	jgd2011	base/dem10/3841.tif
392635	DEM10B	2016-10-01	jgd2000	base/dem10/3926.tif
392636	DEM10B	2016-10-01	jgd2000	base/dem10/3926.tif
392645	DEM10B	2016-10-01	jgd2000	base/dem10/3926.tif
392646	DEM10B	2016-10-01	jgd2000	base/dem10/3926.tif
392647	DEM10B	2016-10-01	jgd2000	base/dem10/3926.tif
392676	DEM10B	2016-10-01	jgd2011	base/dem10/3926-fill.tif
392705	DEM10B	2016-10-01	jgd2000	base/dem10/3927.tif
392711	DEM10B	2016-10-01	jgd2000	base/dem10/3927.tif
392712	DEM10B	2016-10-01	jgd2000	base/dem10/3927.tif
392714	DEM10B	2016-10-01	jgd2000	base/dem10/3927.tif
392715	DEM10B	2016-10-01	jgd2000	base/dem10/3927.tif
392716	DEM10B	2016-10-01	jgd2000	base/dem10/3927.tif
392717	DEM10B	2016-10-01	jgd2000	base/dem10/3927.tif
392721	DEM10B	2016-10-01	jgd2000	base/dem10/3927.tif
392722	DEM10B	2016-10-01	jgd2000	base/dem10/3927.tif
392723	DEM10B	2016-10-01	jgd2000	base/dem10/3927.tif
392724	DEM10B	2016-10-01	jgd2000	base/dem10/3927.tif
392725	DEM10B	2016-10-01	jgd2000	base/dem10/3927.tif
392726	DEM10B	2016-10-01	jgd2000	base/dem10/3927.tif
392727	DEM10B	2016-10-01	jgd2000	base/dem10/3927.tif
392732	DEM10B	2016-10-01	jgd2000	base/dem10/3927.tif
392733	DEM10B	2016-10-01	jgd2000	base/dem10/3927.tif
392734	DEM10B	2016-10-01	jgd2000	base/dem10/3927.tif
392735	DEM10B	2016-10-01	jgd2000	base/dem10/3927.tif
392736	DEM10B	2016-10-01	jgd2000	base/dem10/3927.tif
392737	DEM10B	2016-10-01	jgd2000	base/dem10/3927.tif
392740	DEM10B	2016-10-01	jgd2000	base/dem10/3927.tif
392741	DEM10B	2016-10-01	jgd2000	base/dem10/3927.tif
392745	DEM10B	2016-10-01	jgd2000	base/dem10/3927.tif
392746	DEM10B	2016-10-01	jgd2000	base/dem10/3927.tif
392747	DEM10B	2016-10-01	jgd2000	base/dem10/3927.tif
392755	DEM10B	2016-10-01	jgd2000	base/dem10/3927.tif
392756	DEM10B	2016-10-01	jgd2000	base/dem10/3927.tif
392757	DEM10B	2016-10-01	jgd2000	base/dem10/3927.tif
392761	DEM10B	2016-10-01	jgd2000	base/dem10/3927.tif
392766	DEM10B	2016-10-01	jgd2000	base/dem10/3927.tif
392767	DEM10B	2016-10-01	jgd2000	base/dem10/3927.tif
392771	DEM10B	2016-10-01	jgd2000	base/dem10/3927.tif
392776	DEM10B	2016-10-01	jgd2000	base/dem10/3927.tif
392777	DEM10B	2016-10-01	jgd2000	base/dem10/3927.tif
392840	DEM10B	2016-10-01	jgd2000	base/dem10/3928.tif
392850	DEM10B	2016-10-01	jgd2000	base/dem10/3928.tif
392860	DEM10B	2016-10-01	jgd2000	base/dem10/3928.tif
392861	DEM10B	2016-10-01	jgd2000	base/dem10/3928.tif
392870	DEM10B	2016-10-01	jgd2000	base/dem10/3928.tif
392871	DEM10B	2016-10-01	jgd2000	base/dem10/3928.tif
392872	DEM10B	2016-10-01	jgd2000	base/dem10/3928.tif
394261	DEM10B	2016-10-01	jgd2000	base/dem10/3942.tif
394270	DEM10B	2016-10-01	jgd2000	base/dem10/3942.tif
394271	DEM10B	2016-10-01	jgd2000	base/dem10/3942.tif
402705	DEM10B	2016-10-01	jgd2000	base/dem10/4027.tif
402706	DEM10B	2016-10-01	jgd2000	base/dem10/4027.tif
402707	DEM10B	2016-10-01	jgd2000	base/dem10/4027.tif
402727	DEM10B	2016-10-01	jgd2000	base/dem10/4027.tif
402737	DEM10B	2016-10-01	jgd2000	base/dem10/4027.tif
402747	DEM10B	2016-10-01	jgd2000	base/dem10/4027.tif
402757	DEM10B	2016-10-01	jgd2000	base/dem10/4027.tif
402800	DEM10B	2016-10-01	jgd2000	base/dem10/4028.tif
402801	DEM10B	2016-10-01	jgd2000	base/dem10/4028.tif
402802	DEM10B	2016-10-01	jgd2000	base/dem10/4028.tif
402811	DEM10B	2016-10-01	jgd2000	base/dem10/4028.tif
402812	DEM10B	2016-10-01	jgd2000	base/dem10/4028.tif
402821	DEM10B	2016-10-01	jgd2000	base/dem10/4028.tif
402822	DEM10B	2016-10-01	jgd2000	base/dem10/4028.tif
402840	DEM10B	2016-10-01	jgd2000	base/dem10/4028.tif
402843	DEM10B	2016-10-01	jgd2000	base/dem10/4028.tif
402850	DEM10B	2016-10-01	jgd2000	base/dem10/4028.tif
402874	DEM10B	2016-10-01	jgd2000	base/dem10/4028.tif
404066	DEM10B	2019-05-10	jgd2011	base/dem10/4040.tif
404067	DEM10B	2019-05-10	jgd2011	base/dem10/4040.tif
404076	DEM10B	2019-05-10	jgd2011	base/dem10/4040.tif
404077	DEM10B	2019-05-10	jgd2011	base/dem10/4040.tif
404200	DEM10B	2016-10-01	jgd2011	base/dem10/4042-fill.tif
404201	DEM10B	2016-10-01	jgd2000	base/dem10/4042.tif
404241	DEM10B	2016-10-01	jgd2000	base/dem10/4042.tif
404251	DEM10B	2016-10-01	jgd2000	base/dem10/4042.tif
404252	DEM10B	2016-10-01	jgd2000	base/dem10/4042.tif
404261	DEM10B	2016-10-01	jgd2000	base/dem10/4042.tif
412804	DEM10B	2016-10-01	jgd2000	base/dem10/4128.tif
412805	DEM10B	2016-10-01	jgd2000	base/dem10/4128.tif
412815	DEM10B	2016-10-01	jgd2000	base/dem10/4128.tif
412837	DEM10B	2016-10-01	jgd2000	base/dem10/4128.tif
412847	DEM10B	2016-10-01	jgd2000	base/dem10/4128.tif
412857	DEM10B	2016-10-01	jgd2000	base/dem10/4128.tif
412861	DEM10B	2016-10-01	jgd2000	base/dem10/4128.tif
412867	DEM10B	2016-10-01	jgd2000	base/dem10/4128.tif
412877	DEM10B	2016-10-01	jgd2000	base/dem10/4128.tif
412940	DEM10B	2016-10-01	jgd2000	base/dem10/4129.tif
412950	DEM10B	2016-10-01	jgd2000	base/dem10/4129.tif
412972	DEM10B	2016-10-01	jgd2000	base/dem10/4129.tif
414211	DEM10B	2016-10-01	jgd2000	base/dem10/4142.tif
414221	DEM10B	2016-10-01	jgd2000	base/dem10/4142.tif
414231	DEM10B	2016-10-01	jgd2000	base/dem10/4142.tif
414240	DEM10B	2016-10-01	jgd2000	base/dem10/4142.tif
414241	DEM10B	2016-10-01	jgd2000	base/dem10/4142.tif
422901	DEM10B	2016-10-01	jgd2000	base/dem10/4229.tif
422902	DEM10B	2016-10-01	jgd2000	base/dem10/4229.tif
422911	DEM10B	2016-10-01	jgd2000	base/dem10/4229.tif
422912	DEM10B	2016-10-01	jgd2000	base/dem10/4229.tif
422913	DEM10B	2016-10-01	jgd2000	base/dem10/4229.tif
422921	DEM10B	2016-10-01	jgd2000	base/dem10/4229.tif
422922	DEM10B	2016-10-01	jgd2000	base/dem10/4229.tif
422923	DEM10B	2016-10-01	jgd2000	base/dem10/4229.tif
422931	DEM10B	2016-10-01	jgd2000	base/dem10/4229.tif
422932	DEM10B	2016-10-01	jgd2000	base/dem10/4229.tif
422933	DEM10B	2016-10-01	jgd2000	base/dem10/4229.tif
422934	DEM10B	2016-10-01	jgd2000	base/dem10/4229.tif
422937	DEM10B	2016-10-01	jgd2000	base/dem10/4229.tif
422942	DEM10B	2016-10-01	jgd2000	base/dem10/4229.tif
422943	DEM10B	2016-10-01	jgd2000	base/dem10/4229.tif
422944	DEM10B	2016-10-01	jgd2000	base/dem10/4229.tif
422945	DEM10B	2016-10-01	jgd2000	base/dem10/4229.tif
422947	DEM10B	2016-10-01	jgd2000	base/dem10/4229.tif
422954	DEM10B	2016-10-01	jgd2000	base/dem10/4229.tif
422955	DEM10B	2016-10-01	jgd2000	base/dem10/4229.tif
422965	DEM10B	2016-10-01	jgd2000	base/dem10/4229.tif
423030	DEM10B	2016-10-01	jgd2000	base/dem10/4230.tif
423040	DEM10B	2016-10-01	jgd2000	base/dem10/4230.tif
432817	DEM10B	2016-10-01	jgd2000	base/dem10/4328.tif
432827	DEM10B	2016-10-01	jgd2000	base/dem10/4328.tif
432910	DEM10B	2016-10-01	jgd2000	base/dem10/4329-fill.tif
432916	DEM10B	2016-10-01	jgd2000	base/dem10/4329-fill.tif
432920	DEM10B	2016-10-01	jgd2000	base/dem10/4329-fill.tif
432951	DEM10B	2016-10-01	jgd2000	base/dem10/4329-fill.tif
432962	DEM10B	2016-10-01	jgd2011	base/dem10/4329.tif
442914	DEM10B	2016-10-01	jgd2000	base/dem10/4429.tif
442935	DEM10A	2016-10-01	jgd2000	base/dem10/4429.tif
442935	DEM10B	2016-10-01	jgd2000	base/dem10/4429.tif
442944	DEM10B	2016-10-01	jgd2000	base/dem10/4429.tif
442945	DEM10A	2016-10-01	jgd2000	base/dem10/4429.tif
442945	DEM10B	2016-10-01	jgd2000	base/dem10/4429.tif
442956	DEM10B	2016-10-01	jgd2000	base/dem10/4429.tif
442957	DEM10B	2016-10-01	jgd2000	base/dem10/4429.tif
442964	DEM10B	2016-10-01	jgd2011	base/dem10/4429-fill.tif
442966	DEM10B	2016-10-01	jgd2000	base/dem10/4429.tif
442967	DEM10B	2016-10-01	jgd2000	base/dem10/4429.tif
442977	DEM10B	2016-10-01	jgd2000	base/dem10/4429.tif
444052	DEM10B	2016-10-01	jgd2011	base/dem10/4440.tif
452907	DEM10B	2016-10-01	jgd2000	base/dem10/4529.tif
453000	DEM10B	2016-10-01	jgd2011	base/dem10/4530-fill.tif
453023	DEM10B	2016-10-01	jgd2000	base/dem10/4530.tif
453024	DEM10B	2016-10-01	jgd2000	base/dem10/4530.tif
453033	DEM10B	2016-10-01	jgd2000	base/dem10/4530.tif
453034	DEM10B	2016-10-01	jgd2000	base/dem10/4530.tif
453035	DEM10B	2016-10-01	jgd2000	base/dem10/4530.tif
453043	DEM10B	2016-10-01	jgd2000	base/dem10/4530.tif
453044	DEM10B	2016-10-01	jgd2000	base/dem10/4530.tif
453045	DEM10B	2016-10-01	jgd2000	base/dem10/4530.tif
453046	DEM10B	2016-10-01	jgd2000	base/dem10/4530.tif
453047	DEM10B	2016-10-01	jgd2000	base/dem10/4530.tif
453051	DEM10B	2016-10-01	jgd2000	base/dem10/4530.tif
453052	DEM10B	2016-10-01	jgd2000	base/dem10/4530.tif
453053	DEM10B	2016-10-01	jgd2000	base/dem10/4530.tif
453054	DEM10B	2016-10-01	jgd2000	base/dem10/4530.tif
453056	DEM10B	2016-10-01	jgd2000	base/dem10/4530.tif
453057	DEM10B	2016-10-01	jgd2000	base/dem10/4530.tif
453067	DEM10B	2016-10-01	jgd2000	base/dem10/4530.tif
453077	DEM10B	2016-10-01	jgd2000	base/dem10/4530.tif
453160	DEM10B	2016-10-01	jgd2000	base/dem10/4531.tif
453170	DEM10B	2016-10-01	jgd2000	base/dem10/4531.tif
454052	DEM10B	2016-10-01	jgd2000	base/dem10/4540.tif
462913	DEM10B	2016-10-01	jgd2011	base/dem10/4629-fill.tif
462917	DEM10B	2016-10-01	jgd2000	base/dem10/4629.tif
462923	DEM10B	2016-10-01	jgd2011	base/dem10/4629-fill.tif
462927	DEM10B	2016-10-01	jgd2000	base/dem10/4629.tif
462953	DEM10B	2016-10-01	jgd2000	base/dem10/4629.tif
462963	DEM10B	2016-10-01	jgd2000	base/dem10/4629.tif
462975	DEM10B	2020-04-09	jgd2011	base/dem10/4629-fill.tif
463000	DEM10B	2016-10-01	jgd2000	base/dem10/4630.tif
463006	DEM10B	2016-10-01	jgd2000	base/dem10/4630.tif
463007	DEM10B	2016-10-01	jgd2000	base/dem10/4630.tif
463010	DEM10B	2016-10-01	jgd2000	base/dem10/4630.tif
463012	DEM10A	2016-10-01	jgd2000	base/dem10/4630.tif
463012	DEM10B	2016-10-01	jgd2000	base/dem10/4630.tif
463013	DEM10A	2016-10-01	jgd2000	base/dem10/4630.tif
463013	DEM10B	2016-10-01	jgd2000	base/dem10/4630.tif
463016	DEM10B	2016-10-01	jgd2000	base/dem10/4630.tif
463035	DEM10B	2016-10-01	jgd2000	base/dem10/4630.tif
463045	DEM10B	2016-10-01	jgd2000	base/dem10/4630.tif
463046	DEM10B	2016-10-01	jgd2000	base/dem10/4630.tif
463054	DEM10B	2016-10-01	jgd2000	base/dem10/4630.tif
463055	DEM10B	2016-10-01	jgd2000	base/dem10/4630.tif
463056	DEM10B	2016-10-01	jgd2000	base/dem10/4630.tif
463057	DEM10B	2016-10-01	jgd2000	base/dem10/4630.tif
463061	DEM10B	2016-10-01	jgd2000	base/dem10/4630.tif
463062	DEM10B	2016-10-01	jgd2000	base/dem10/4630.tif
463063	DEM10B	2016-10-01	jgd2000	base/dem10/4630.tif
463064	DEM10B	2016-10-01	jgd2000	base/dem10/4630.tif
463065	DEM10B	2016-10-01	jgd2000	base/dem10/4630.tif
463066	DEM10B	2016-10-01	jgd2000	base/dem10/4630.tif
463067	DEM10B	2016-10-01	jgd2000	base/dem10/4630.tif
463071	DEM10B	2016-10-01	jgd2000	base/dem10/4630.tif
463072	DEM10B	2016-10-01	jgd2000	base/dem10/4630.tif
463073	DEM10B	2016-10-01	jgd2000	base/dem10/4630.tif
463074	DEM10B	2016-10-01	jgd2000	base/dem10/4630.tif
463075	DEM10B	2016-10-01	jgd2000	base/dem10/4630.tif
463076	DEM10B	2016-10-01	jgd2000	base/dem10/4630.tif
463077	DEM10B	2016-10-01	jgd2000	base/dem10/4630.tif
463100	DEM10B	2016-10-01	jgd2000	base/dem10/4631.tif
463110	DEM10B	2016-10-01	jgd2000	base/dem10/4631.tif
463120	DEM10B	2016-10-01	jgd2000	base/dem10/4631.tif
463160	DEM10B	2016-10-01	jgd2000	base/dem10/4631.tif
463170	DEM10B	2016-10-01	jgd2000	base/dem10/4631.tif
463171	DEM10B	2016-10-01	jgd2000	base/dem10/4631.tif
472872	DEM10B	2016-10-01	jgd2011	base/dem10/4728.tif
472915	DEM10B	2020-04-09	jgd2011	base/dem10/4729-fill.tif
472935	DEM10B	2016-10-01	jgd2000	base/dem10/4729.tif
472945	DEM10B	2016-10-01	jgd2000	base/dem10/4729.tif
472946	DEM10B	2016-10-01	jgd2000	base/dem10/4729.tif
472956	DEM10B	2016-10-01	jgd2000	base/dem10/4729.tif
472957	DEM10B	2016-10-01	jgd2000	base/dem10/4729.tif
472966	DEM10B	2016-10-01	jgd2000	base/dem10/4729.tif
472967	DEM10B	2016-10-01	jgd2000	base/dem10/4729.tif
473000	DEM10B	2016-10-01	jgd2000	base/dem10/4730.tif
473001	DEM10B	2016-10-01	jgd2000	base/dem10/4730.tif
473002	DEM10B	2016-10-01	jgd2000	base/dem10/4730.tif
473003	DEM10B	2016-10-01	jgd2000	base/dem10/4730.tif
473004	DEM10B	2016-10-01	jgd2000	base/dem10/4730.tif
473006	DEM10B	2016-10-01	jgd2000	base/dem10/4730.tif
473007	DEM10B	2016-10-01	jgd2000	base/dem10/4730.tif
473010	DEM10B	2016-10-01	jgd2000	base/dem10/4730.tif
473011	DEM10B	2016-10-01	jgd2000	base/dem10/4730.tif
473012	DEM10B	2016-10-01	jgd2000	base/dem10/4730.tif
473013	DEM10B	2016-10-01	jgd2000	base/dem10/4730.tif
473014	DEM10B	2016-10-01	jgd2000	base/dem10/4730.tif
473015	DEM10B	2016-10-01	jgd2000	base/dem10/4730.tif
473016	DEM10B	2016-10-01	jgd2000	base/dem10/4730.tif
473017	DEM10B	2016-10-01	jgd2000	base/dem10/4730.tif
473021	DEM10B	2016-10-01	jgd2000	base/dem10/4730.tif
473022	DEM10B	2016-10-01	jgd2000	base/dem10/4730.tif
473023	DEM10B	2016-10-01	jgd2000	base/dem10/4730.tif
473024	DEM10B	2016-10-01	jgd2000	base/dem10/4730.tif
473025	DEM10B	2016-10-01	jgd2000	base/dem10/4730.tif
473026	DEM10B	2016-10-01	jgd2000	base/dem10/4730.tif
473027	DEM10B	2016-10-01	jgd2000	base/dem10/4730.tif
473032	DEM10B	2016-10-01	jgd2000	base/dem10/4730.tif
473033	DEM10B	2016-10-01	jgd2000	base/dem10/4730.tif
473034	DEM10B	2016-10-01	jgd2000	base/dem10/4730.tif
473035	DEM10B	2016-10-01	jgd2000	base/dem10/4730.tif
473036	DEM10B	2016-10-01	jgd2000	base/dem10/4730.tif
473037	DEM10B	2016-10-01	jgd2000	base/dem10/4730.tif
473041	DEM10B	2016-10-01	jgd2000	base/dem10/4730.tif
473042	DEM10B	2016-10-01	jgd2000	base/dem10/4730.tif
473043	DEM10B	2016-10-01	jgd2000	base/dem10/4730.tif
473044	DEM10B	2016-10-01	jgd2000	base/dem10/4730.tif
473045	DEM10B	2016-10-01	jgd2000	base/dem10/4730.tif
473046	DEM10B	2016-10-01	jgd2000	base/dem10/4730.tif
473047	DEM10B	2016-10-01	jgd2000	base/dem10/4730.tif
473051	DEM10B	2016-10-01	jgd2000	base/dem10/4730.tif
473052	DEM10B	2016-10-01	jgd2000	base/dem10/4730.tif
473053	DEM10B	2016-10-01	jgd2000	base/dem10/4730.tif
473054	DEM10B	2016-10-01	jgd2000	base/dem10/4730.tif
473055	DEM10B	2016-10-01	jgd2000	base/dem10/4730.tif
473056	DEM10B	2016-10-01	jgd2000	base/dem10/4730.tif
473057	DEM10B	2016-10-01	jgd2000	base/dem10/4730.tif
473060	DEM10B	2016-10-01	jgd2000	base/dem10/4730.tif
473061	DEM10B	2016-10-01	jgd2000	base/dem10/4730.tif
473062	DEM10B	2016-10-01	jgd2000	base/dem10/4730.tif
473063	DEM10B	2016-10-01	jgd2000	base/dem10/4730.tif
473064	DEM10B	2016-10-01	jgd2000	base/dem10/4730.tif
473065	DEM10B	2016-10-01	jgd2000	base/dem10/4730.tif
473066	DEM10A	2016-10-01	jgd2000	base/dem10/4730.tif
473066	DEM10B	2016-10-01	jgd2000	base/dem10/4730.tif
473067	DEM10A	2016-10-01	jgd2000	base/dem10/4730.tif
473067	DEM10B	2016-10-01	jgd2011	base/dem10/4730-fill.tif
473071	DEM10B	2016-10-01	jgd2000	base/dem10/4730.tif
473072	DEM10B	2016-10-01	jgd2000	base/dem10/4730.tif
473073	DEM10B	2016-10-01	jgd2000	base/dem10/4730.tif
473074	DEM10B	2016-10-01	jgd2000	base/dem10/4730.tif
473075	DEM10B	2016-10-01	jgd2000	base/dem10/4730.tif
473076	DEM10A	2016-10-01	jgd2000	base/dem10/4730.tif
473076	DEM10B	2016-10-01	jgd2000	base/dem10/4730.tif
473077	DEM10A	2016-10-01	jgd2000	base/dem10/4730.tif
473077	DEM10B	2016-10-01	jgd2000	base/dem10/4730.tif
473100	DEM10B	2016-10-01	jgd2000	base/dem10/4731.tif
473101	DEM10B	2016-10-01	jgd2000	base/dem10/4731.tif
473102	DEM10B	2016-10-01	jgd2000	base/dem10/4731.tif
473110	DEM10B	2016-10-01	jgd2000	base/dem10/4731.tif
473111	DEM10B	2016-10-01	jgd2000	base/dem10/4731.tif
473112	DEM10B	2016-10-01	jgd2000	base/dem10/4731.tif
473113	DEM10B	2016-10-01	jgd2000	base/dem10/4731.tif
473120	DEM10B	2016-10-01	jgd2000	base/dem10/4731.tif
473121	DEM10B	2016-10-01	jgd2000	base/dem10/4731.tif
473122	DEM10B	2016-10-01	jgd2000	base/dem10/4731.tif
473123	DEM10B	2016-10-01	jgd2000	base/dem10/4731.tif
473130	DEM10B	2016-10-01	jgd2000	base/dem10/4731.tif
473131	DEM10B	2016-10-01	jgd2000	base/dem10/4731.tif
473132	DEM10B	2016-10-01	jgd2000	base/dem10/4731.tif
473133	DEM10B	2016-10-01	jgd2000	base/dem10/4731.tif
473140	DEM10B	2016-10-01	jgd2000	base/dem10/4731.tif
473141	DEM10B	2016-10-01	jgd2000	base/dem10/4731.tif
473142	DEM10B	2016-10-01	jgd2000	base/dem10/4731.tif
473143	DEM10B	2016-10-01	jgd2000	base/dem10/4731.tif
473150	DEM10B	2016-10-01	jgd2000	base/dem10/4731.tif
473151	DEM10B	2016-10-01	jgd2000	base/dem10/4731.tif
473152	DEM10B	2016-10-01	jgd2000	base/dem10/4731.tif
473153	DEM10B	2016-10-01	jgd2000	base/dem10/4731.tif
473160	DEM10B	2016-10-01	jgd2000	base/dem10/4731.tif
473161	DEM10B	2016-10-01	jgd2000	base/dem10/4731.tif
473162	DEM10B	2016-10-01	jgd2000	base/dem10/4731.tif
473163	DEM10B	2016-10-01	jgd2000	base/dem10/4731.tif
473170	DEM10B	2016-10-01	jgd2000	base/dem10/4731.tif
473171	DEM10B	2016-10-01	jgd2000	base/dem10/4731.tif
473172	DEM10B	2016-10-01	jgd2000	base/dem10/4731.tif
473173	DEM10B	2016-10-01	jgd2000	base/dem10/4731.tif
473967	DEM10B	2016-10-01	jgd2011	base/dem10/4739.tif
474010	DEM10B	2016-10-01	jgd2011	base/dem10/4740.tif
482802	DEM10B	2016-10-01	jgd2011	base/dem10/4828-fill.tif
482803	DEM10B	2016-10-01	jgd2011	base/dem10/4828-fill.tif
482820	DEM10B	2016-10-01	jgd2011	base/dem10/4828-fill.tif
482865	DEM10B	2016-10-01	jgd2000	base/dem10/4828.tif
482866	DEM10B	2016-10-01	jgd2000	base/dem10/4828.tif
482867	DEM10B	2016-10-01	jgd2000	base/dem10/4828.tif
482874	DEM10B	2016-10-01	jgd2000	base/dem10/4828.tif
482875	DEM10B	2016-10-01	jgd2000	base/dem10/4828.tif
482876	DEM10B	2016-10-01	jgd2000	base/dem10/4828.tif
482877	DEM10B	2016-10-01	jgd2000	base/dem10/4828.tif
482917	DEM10B	2016-10-01	jgd2000	base/dem10/4829.tif
482927	DEM10B	2016-10-01	jgd2000	base/dem10/4829.tif
482937	DEM10B	2016-10-01	jgd2000	base/dem10/4829.tif
482947	DEM10B	2016-10-01	jgd2000	base/dem10/4829.tif
482965	DEM10B	2016-10-01	jgd2000	base/dem10/4829.tif
482966	DEM10B	2016-10-01	jgd2000	base/dem10/4829.tif
482975	DEM10B	2016-10-01	jgd2000	base/dem10/4829.tif
482976	DEM10B	2016-10-01	jgd2000	base/dem10/4829.tif
482977	DEM10B	2016-10-01	jgd2000	base/dem10/4829.tif
483001	DEM10B	2016-10-01	jgd2000	base/dem10/4830.tif
483002	DEM10B	2016-10-01	jgd2000	base/dem10/4830.tif
483003	DEM10B	2016-10-01	jgd2000	base/dem10/4830.tif
483004	DEM10B	2016-10-01	jgd2000	base/dem10/4830.tif
483005	DEM10B	2016-10-01	jgd2000	base/dem10/4830.tif
483006	DEM10B	2016-10-01	jgd2000	base/dem10/4830.tif
483007	DEM10B	2016-10-01	jgd2000	base/dem10/4830.tif
483010	DEM10B	2016-10-01	jgd2000	base/dem10/4830.tif
483011	DEM10B	2016-10-01	jgd2000	base/dem10/4830.tif
483012	DEM10B	2016-10-01	jgd2000	base/dem10/4830.tif
483013	DEM10B	2016-10-01	jgd2000	base/dem10/4830.tif
483014	DEM10B	2016-10-01	jgd2000	base/dem10/4830.tif
483015	DEM10B	2016-10-01	jgd2000	base/dem10/4830.tif
483016	DEM10B	2016-10-01	jgd2000	base/dem10/4830.tif
483017	DEM10B	2016-10-01	jgd2000	base/dem10/4830.tif
483020	DEM10B	2016-10-01	jgd2000	base/dem10/4830.tif
483021	DEM10B	2016-10-01	jgd2000	base/dem10/4830.tif
483022	DEM10B	2016-10-01	jgd2000	base/dem10/4830.tif
483023	DEM10B	2016-10-01	jgd2000	base/dem10/4830.tif
483024	DEM10B	2016-10-01	jgd2000	base/dem10/4830.tif
483025	DEM10B	2016-10-01	jgd2000	base/dem10/4830.tif
483026	DEM10B	2016-10-01	jgd2000	base/dem10/4830.tif
483027	DEM10B	2016-10-01	jgd2000	base/dem10/4830.tif
483030	DEM10B	2016-10-01	jgd2000	base/dem10/4830.tif
483031	DEM10B	2016-10-01	jgd2000	base/dem10/4830.tif
483032	DEM10B	2016-10-01	jgd2000	base/dem10/4830.tif
483033	DEM10B	2016-10-01	jgd2000	base/dem10/4830.tif
483034	DEM10B	2016-10-01	jgd2000	base/dem10/4830.tif
483035	DEM10B	2016-10-01	jgd2000	base/dem10/4830.tif
483036	DEM10B	2016-10-01	jgd2000	base/dem10/4830.tif
483037	DEM10B	2016-10-01	jgd2000	base/dem10/4830.tif
483040	DEM10B	2016-10-01	jgd2000	base/dem10/4830.tif
483041	DEM10B	2016-10-01	jgd2000	base/dem10/4830.tif
483042	DEM10B	2016-10-01	jgd2000	base/dem10/4830.tif
483043	DEM10B	2016-10-01	jgd2000	base/dem10/4830.tif
483044	DEM10B	2016-10-01	jgd2000	base/dem10/4830.tif
483045	DEM10B	2016-10-01	jgd2000	base/dem10/4830.tif
483046	DEM10B	2016-10-01	jgd2000	base/dem10/4830.tif
483047	DEM10B	2016-10-01	jgd2000	base/dem10/4830.tif
483050	DEM10B	2016-10-01	jgd2000	base/dem10/4830.tif
483051	DEM10B	2016-10-01	jgd2000	base/dem10/4830.tif
483052	DEM10B	2016-10-01	jgd2000	base/dem10/4830.tif
483053	DEM10B	2016-10-01	jgd2000	base/dem10/4830.tif
483054	DEM10B	2016-10-01	jgd2000	base/dem10/4830.tif
483055	DEM10B	2016-10-01	jgd2000	base/dem10/4830.tif
483056	DEM10B	2016-10-01	jgd2000	base/dem10/4830.tif
483057	DEM10B	2016-10-01	jgd2000	base/dem10/4830.tif
483060	DEM10B	2016-10-01	jgd2000	base/dem10/4830.tif
483061	DEM10B	2016-10-01	jgd2000	base/dem10/4830.tif
483062	DEM10B	2016-10-01	jgd2000	base/dem10/4830.tif
483063	DEM10B	2016-10-01	jgd2000	base/dem10/4830.tif
483064	DEM10B	2016-10-01	jgd2000	base/dem10/4830.tif
483065	DEM10B	2016-10-01	jgd2000	base/dem10/4830.tif
483066	DEM10B	2016-10-01	jgd2000	base/dem10/4830.tif
483067	DEM10B	2016-10-01	jgd2000	base/dem10/4830.tif
483071	DEM10B	2016-10-01	jgd2000	base/dem10/4830.tif
483072	DEM10B	2016-10-01	jgd2000	base/dem10/4830.tif
483073	DEM10B	2016-10-01	jgd2000	base/dem10/4830.tif
483074	DEM10B	2016-10-01	jgd2000	base/dem10/4830.tif
483075	DEM10B	2016-10-01	jgd2000	base/dem10/4830.tif
483076	DEM10B	2016-10-01	jgd2000	base/dem10/4830.tif
483077	DEM10B	2016-10-01	jgd2000	base/dem10/4830.tif
483100	DEM10B	2016-10-01	jgd2000	base/dem10/4831.tif
483101	DEM10B	2016-10-01	jgd2000	base/dem10/4831.tif
483102	DEM10B	2016-10-01	jgd2000	base/dem10/4831.tif
483103	DEM10B	2016-10-01	jgd2000	base/dem10/4831.tif
483104	DEM10B	2016-10-01	jgd2000	base/dem10/4831.tif
483110	DEM10B	2016-10-01	jgd2000	base/dem10/4831.tif
483111	DEM10B	2016-10-01	jgd2000	base/dem10/4831.tif
483112	DEM10B	2016-10-01	jgd2000	base/dem10/4831.tif
483113	DEM10B	2016-10-01	jgd2000	base/dem10/4831.tif
483114	DEM10B	2016-10-01	jgd2000	base/dem10/4831.tif
483120	DEM10B	2016-10-01	jgd2000	base/dem10/4831.tif
483121	DEM10B	2016-10-01	jgd2000	base/dem10/4831.tif
483122	DEM10B	2016-10-01	jgd2000	base/dem10/4831.tif
483123	DEM10B	2016-10-01	jgd2000	base/dem10/4831.tif
483124	DEM10B	2016-10-01	jgd2000	base/dem10/4831.tif
483130	DEM10B	2016-10-01	jgd2000	base/dem10/4831.tif
483131	DEM10B	2016-10-01	jgd2000	base/dem10/4831.tif
483132	DEM10B	2016-10-01	jgd2000	base/dem10/4831.tif
483133	DEM10B	2016-10-01	jgd2000	base/dem10/4831.tif
483134	DEM10B	2016-10-01	jgd2000	base/dem10/4831.tif
483135	DEM10B	2016-10-01	jgd2000	base/dem10/4831.tif
483140	DEM10B	2016-10-01	jgd2000	base/dem10/4831.tif
483141	DEM10B	2016-10-01	jgd2000	base/dem10/4831.tif
483142	DEM10B	2016-10-01	jgd2000	base/dem10/4831.tif
483143	DEM10B	2016-10-01	jgd2000	base/dem10/4831.tif
483144	DEM10B	2016-10-01	jgd2000	base/dem10/4831.tif
483145	DEM10B	2016-10-01	jgd2000	base/dem10/4831.tif
483150	DEM10B	2016-10-01	jgd2000	base/dem10/4831.tif
483151	DEM10B	2016-10-01	jgd2000	base/dem10/4831.tif
483152	DEM10B	2016-10-01	jgd2000	base/dem10/4831.tif
483153	DEM10B	2016-10-01	jgd2000	base/dem10/4831.tif
483154	DEM10B	2016-10-01	jgd2000	base/dem10/4831.tif
483155	DEM10B	2016-10-01	jgd2000	base/dem10/4831.tif
483160	DEM10B	2016-10-01	jgd2000	base/dem10/4831.tif
483161	DEM10B	2016-10-01	jgd2000	base/dem10/4831.tif
483162	DEM10B	2016-10-01	jgd2000	base/dem10/4831.tif
483163	DEM10B	2016-10-01	jgd2000	base/dem10/4831.tif
483164	DEM10B	2016-10-01	jgd2000	base/dem10/4831.tif
483165	DEM10B	2016-10-01	jgd2000	base/dem10/4831.tif
483170	DEM10B	2016-10-01	jgd2000	base/dem10/4831.tif
483171	DEM10B	2016-10-01	jgd2000	base/dem10/4831.tif
483172	DEM10B	2016-10-01	jgd2000	base/dem10/4831.tif
483173	DEM10B	2016-10-01	jgd2000	base/dem10/4831.tif
483174	DEM10B	2016-10-01	jgd2000	base/dem10/4831.tif
483175	DEM10B	2016-10-01	jgd2000	base/dem10/4831.tif
483176	DEM10B	2016-10-01	jgd2000	base/dem10/4831.tif
483956	DEM10B	2016-10-01	jgd2000	base/dem10/4839.tif
492804	DEM10B	2016-10-01	jgd2000	base/dem10/4928.tif
492805	DEM10B	2016-10-01	jgd2000	base/dem10/4928.tif
492806	DEM10B	2016-10-01	jgd2000	base/dem10/4928.tif
492807	DEM10B	2016-10-01	jgd2000	base/dem10/4928.tif
492815	DEM10B	2016-10-01	jgd2000	base/dem10/4928.tif
492816	DEM10B	2016-10-01	jgd2000	base/dem10/4928.tif
492817	DEM10B	2016-10-01	jgd2000	base/dem10/4928.tif
492826	DEM10B	2016-10-01	jgd2000	base/dem10/4928.tif
492827	DEM10B	2016-10-01	jgd2000	base/dem10/4928.tif
492837	DEM10B	2016-10-01	jgd2000	base/dem10/4928.tif
492857	DEM10B	2016-10-01	jgd2000	base/dem10/4928.tif
492866	DEM10B	2016-10-01	jgd2011	base/dem10/4928-fill.tif
492867	DEM10B	2016-10-01	jgd2000	base/dem10/4928.tif
492900	DEM10B	2016-10-01	jgd2000	base/dem10/4929.tif
492906	DEM10B	2016-10-01	jgd2000	base/dem10/4929.tif
492907	DEM10B	2016-10-01	jgd2000	base/dem10/4929.tif
492910	DEM10B	2016-10-01	jgd2000	base/dem10/4929.tif
492915	DEM10B	2016-10-01	jgd2000	base/dem10/4929.tif
492916	DEM10B	2016-10-01	jgd2000	base/dem10/4929.tif
492917	DEM10B	2016-10-01	jgd2000	base/dem10/4929.tif
492920	DEM10B	2016-10-01	jgd2000	base/dem10/4929.tif
492924	DEM10B	2016-10-01	jgd2000	base/dem10/4929.tif
492925	DEM10B	2016-10-01	jgd2000	base/dem10/4929.tif
492926	DEM10B	2016-10-01	jgd2000	base/dem10/4929.tif
492927	DEM10B	2016-10-01	jgd2000	base/dem10/4929.tif
492930	DEM10B	2016-10-01	jgd2000	base/dem10/4929.tif
492931	DEM10B	2016-10-01	jgd2000	base/dem10/4929.tif
492932	DEM10B	2016-10-01	jgd2000	base/dem10/4929.tif
492934	DEM10B	2016-10-01	jgd2000	base/dem10/4929.tif
492935	DEM10B	2016-10-01	jgd2000	base/dem10/4929.tif
492936	DEM10B	2016-10-01	jgd2000	base/dem10/4929.tif
492937	DEM10B	2016-10-01	jgd2000	base/dem10/4929.tif
492940	DEM10B	2016-10-01	jgd2000	base/dem10/4929.tif
492941	DEM10B	2016-10-01	jgd2000	base/dem10/4929.tif
492942	DEM10B	2016-10-01	jgd2000	base/dem10/4929.tif
492943	DEM10B	2016-10-01	jgd2000	base/dem10/4929.tif
492944	DEM10B	2016-10-01	jgd2000	base/dem10/4929.tif
492945	DEM10B	2016-10-01	jgd2000	base/dem10/4929.tif
492946	DEM10B	2016-10-01	jgd2000	base/dem10/4929.tif
492947	DEM10B	2016-10-01	jgd2000	base/dem10/4929.tif
492950	DEM10B	2016-10-01	jgd2000	base/dem10/4929.tif
492951	DEM10B	2016-10-01	jgd2000	base/dem10/4929.tif
492953	DEM10B	2016-10-01	jgd2000	base/dem10/4929.tif
492954	DEM10B	2016-10-01	jgd2000	base/dem10/4929.tif
492955	DEM10B	2016-10-01	jgd2000	base/dem10/4929.tif
492956	DEM10B	2016-10-01	jgd2000	base/dem10/4929.tif
492957	DEM10B	2016-10-01	jgd2000	base/dem10/4929.tif
492960	DEM10B	2016-10-01	jgd2000	base/dem10/4929.tif
492961	DEM10B	2016-10-01	jgd2000	base/dem10/4929.tif
492962	DEM10B	2016-10-01	jgd2000	base/dem10/4929.tif
492963	DEM10B	2016-10-01	jgd2000	base/dem10/4929.tif
492964	DEM10B	2016-10-01	jgd2000	base/dem10/4929.tif
492965	DEM10B	2016-10-01	jgd2000	base/dem10/4929.tif
492966	DEM10B	2016-10-01	jgd2000	base/dem10/4929.tif
492967	DEM10B	2016-10-01	jgd2000	base/dem10/4929.tif
492970	DEM10B	2016-10-01	jgd2000	base/dem10/4929.tif
492971	DEM10B	2016-10-01	jgd2000	base/dem10/4929.tif
492972	DEM10B	2016-10-01	jgd2000	base/dem10/4929.tif
492973	DEM10B	2016-10-01	jgd2000	base/dem10/4929.tif
492974	DEM10B	2016-10-01	jgd2000	base/dem10/4929.tif
492975	DEM10B	2016-10-01	jgd2000	base/dem10/4929.tif
492976	DEM10B	2016-10-01	jgd2000	base/dem10/4929.tif
492977	DEM10B	2016-10-01	jgd2000	base/dem10/4929.tif
493001	DEM10B	2016-10-01	jgd2000	base/dem10/4930.tif
493002	DEM10A	2016-10-01	jgd2000	base/dem10/4930.tif
493002	DEM10B	2016-10-01	jgd2000	base/dem10/4930.tif
493003	DEM10A	2016-10-01	jgd2000	base/dem10/4930.tif
493003	DEM10B	2016-10-01	jgd2000	base/dem10/4930.tif
493004	DEM10B	2016-10-01	jgd2000	base/dem10/4930.tif
493005	DEM10B	2016-10-01	jgd2000	base/dem10/4930.tif
493006	DEM10B	2016-10-01	jgd2000	base/dem10/4930.tif
493007	DEM10B	2016-10-01	jgd2000	base/dem10/4930.tif
493010	DEM10B	2016-10-01	jgd2000	base/dem10/4930.tif
493011	DEM10B	2016-10-01	jgd2000	base/dem10/4930.tif
493012	DEM10A	2016-10-01	jgd2000	base/dem10/4930.tif
493012	DEM10B	2016-10-01	jgd2000	base/dem10/4930.tif
493013	DEM10A	2016-10-01	jgd2000	base/dem10/4930.tif
493013	DEM10B	2016-10-01	jgd2000	base/dem10/4930.tif
493014	DEM10B	2016-10-01	jgd2000	base/dem10/4930.tif
493015	DEM10B	2016-10-01	jgd2000	base/dem10/4930.tif
493016	DEM10B	2016-10-01	jgd2000	base/dem10/4930.tif
493017	DEM10B	2016-10-01	jgd2000	base/dem10/4930.tif
493020	DEM10B	2016-10-01	jgd2000	base/dem10/4930.tif
493021	DEM10B	2016-10-01	jgd2000	base/dem10/4930.tif
493022	DEM10B	2016-10-01	jgd2000	base/dem10/4930.tif
493023	DEM10B	2016-10-01	jgd2000	base/dem10/4930.tif
493024	DEM10B	2016-10-01	jgd2000	base/dem10/4930.tif
493025	DEM10B	2016-10-01	jgd2000	base/dem10/4930.tif
493026	DEM10B	2016-10-01	jgd2000	base/dem10/4930.tif
493027	DEM10B	2016-10-01	jgd2000	base/dem10/4930.tif
493030	DEM10B	2016-10-01	jgd2000	base/dem10/4930.tif
493031	DEM10B	2016-10-01	jgd2000	base/dem10/4930.tif
493033	DEM10B	2016-10-01	jgd2000	base/dem10/4930.tif
493034	DEM10B	2016-10-01	jgd2000	base/dem10/4930.tif
493035	DEM10B	2016-10-01	jgd2000	base/dem10/4930.tif
493036	DEM10B	2016-10-01	jgd2000	base/dem10/4930.tif
493037	DEM10B	2016-10-01	jgd2000	base/dem10/4930.tif
493040	DEM10B	2016-10-01	jgd2000	base/dem10/4930.tif
493041	DEM10B	2016-10-01	jgd2000	base/dem10/4930.tif
493042	DEM10B	2016-10-01	jgd2000	base/dem10/4930.tif
493043	DEM10B	2016-10-01	jgd2000	base/dem10/4930.tif
493044	DEM10B	2016-10-01	jgd2000	base/dem10/4930.tif
493045	DEM10B	2016-10-01	jgd2000	base/dem10/4930.tif
493046	DEM10B	2016-10-01	jgd2000	base/dem10/4930.tif
493047	DEM10B	2016-10-01	jgd2000	base/dem10/4930.tif
493050	DEM10B	2016-10-01	jgd2000	base/dem10/4930.tif
493051	DEM10B	2016-10-01	jgd2000	base/dem10/4930.tif
493052	DEM10B	2016-10-01	jgd2000	base/dem10/4930.tif
493053	DEM10B	2016-10-01	jgd2000	base/dem10/4930.tif
493054	DEM10B	2016-10-01	jgd2000	base/dem10/4930.tif
493055	DEM10B	2016-10-01	jgd2000	base/dem10/4930.tif
493056	DEM10B	2016-10-01	jgd2000	base/dem10/4930.tif
493057	DEM10B	2016-10-01	jgd2000	base/dem10/4930.tif
493060	DEM10B	2016-10-01	jgd2000	base/dem10/4930.tif
493061	DEM10B	2016-10-01	jgd2000	base/dem10/4930.tif
493062	DEM10B	2016-10-01	jgd2000	base/dem10/4930.tif
493063	DEM10B	2016-10-01	jgd2000	base/dem10/4930.tif
493064	DEM10B	2016-10-01	jgd2000	base/dem10/4930.tif
493065	DEM10B	2016-10-01	jgd2000	base/dem10/4930.tif
493066	DEM10B	2016-10-01	jgd2000	base/dem10/4930.tif
493067	DEM10B	2016-10-01	jgd2000	base/dem10/4930.tif
493070	DEM10B	2016-10-01	jgd2000	base/dem10/4930.tif
493071	DEM10B	2016-10-01	jgd2000	base/dem10/4930.tif
493072	DEM10B	2016-10-01	jgd2000	base/dem10/4930.tif
493073	DEM10B	2016-10-01	jgd2000	base/dem10/4930.tif
493074	DEM10B	2016-10-01	jgd2000	base/dem10/4930.tif
493075	DEM10B	2016-10-01	jgd2000	base/dem10/4930.tif
493076	DEM10B	2016-10-01	jgd2000	base/dem10/4930.tif
493077	DEM10B	2016-10-01	jgd2000	base/dem10/4930.tif
493100	DEM10B	2016-10-01	jgd2000	base/dem10/4931.tif
493101	DEM10B	2016-10-01	jgd2000	base/dem10/4931.tif
493102	DEM10B	2016-10-01	jgd2000	base/dem10/4931.tif
493103	DEM10B	2016-10-01	jgd2000	base/dem10/4931.tif
493104	DEM10B	2016-10-01	jgd2000	base/dem10/4931.tif
493105	DEM10B	2016-10-01	jgd2000	base/dem10/4931.tif
493106	DEM10B	2016-10-01	jgd2000	base/dem10/4931.tif
493107	DEM10B	2016-10-01	jgd2011	base/dem10/4931-fill.tif
493110	DEM10B	2016-10-01	jgd2000	base/dem10/4931.tif
493111	DEM10B	2016-10-01	jgd2000	base/dem10/4931.tif
493112	DEM10B	2016-10-01	jgd2000	base/dem10/4931.tif
493113	DEM10B	2016-10-01	jgd2000	base/dem10/4931.tif
493114	DEM10B	2016-10-01	jgd2000	base/dem10/4931.tif
493115	DEM10B	2016-10-01	jgd2000	base/dem10/4931.tif
493116	DEM10B	2016-10-01	jgd2000	base/dem10/4931.tif
493117	DEM10B	2016-10-01	jgd2000	base/dem10/4931.tif
493120	DEM10A	2016-10-01	jgd2000	base/dem10/4931.tif
493120	DEM10B	2016-10-01	jgd2000	base/dem10/4931.tif
493121	DEM10B	2016-10-01	jgd2000	base/dem10/4931.tif
493122	DEM10B	2016-10-01	jgd2000	base/dem10/4931.tif
493123	DEM10B	2016-10-01	jgd2000	base/dem10/4931.tif
493124	DEM10B	2016-10-01	jgd2000	base/dem10/4931.tif
493125	DEM10B	2016-10-01	jgd2000	base/dem10/4931.tif
493126	DEM10B	2016-10-01	jgd2000	base/dem10/4931.tif
493127	DEM10B	2016-10-01	jgd2000	base/dem10/4931.tif
493130	DEM10B	2016-10-01	jgd2000	base/dem10/4931.tif
493131	DEM10B	2016-10-01	jgd2000	base/dem10/4931.tif
493132	DEM10B	2016-10-01	jgd2000	base/dem10/4931.tif
493133	DEM10B	2016-10-01	jgd2000	base/dem10/4931.tif
493134	DEM10B	2016-10-01	jgd2000	base/dem10/4931.tif
493135	DEM10B	2016-10-01	jgd2000	base/dem10/4931.tif
493136	DEM10B	2016-10-01	jgd2000	base/dem10/4931.tif
493137	DEM10B	2016-10-01	jgd2000	base/dem10/4931.tif
493140	DEM10B	2016-10-01	jgd2000	base/dem10/4931.tif
493141	DEM10A	2016-10-01	jgd2000	base/dem10/4931.tif
493141	DEM10B	2016-10-01	jgd2000	base/dem10/4931.tif
493142	DEM10A	2016-10-01	jgd2000	base/dem10/4931.tif
493142	DEM10B	2016-10-01	jgd2000	base/dem10/4931.tif
493143	DEM10B	2016-10-01	jgd2000	base/dem10/4931.tif
493144	DEM10B	2016-10-01	jgd2000	base/dem10/4931.tif
493145	DEM10B	2016-10-01	jgd2000	base/dem10/4931.tif
493146	DEM10B	2016-10-01	jgd2000	base/dem10/4931.tif
493147	DEM10B	2016-10-01	jgd2000	base/dem10/4931.tif
493150	DEM10B	2016-10-01	jgd2000	base/dem10/4931.tif
493151	DEM10A	2016-10-01	jgd2000	base/dem10/4931.tif
493151	DEM10B	2016-10-01	jgd2000	base/dem10/4931.tif
493152	DEM10A	2016-10-01	jgd2000	base/dem10/4931.tif
493152	DEM10B	2016-10-01	jgd2000	base/dem10/4931.tif
493153	DEM10B	2016-10-01	jgd2000	base/dem10/4931.tif
493154	DEM10B	2016-10-01	jgd2000	base/dem10/4931.tif
493155	DEM10B	2016-10-01	jgd2000	base/dem10/4931.tif
493156	DEM10B	2016-10-01	jgd2000	base/dem10/4931.tif
493157	DEM10B	2016-10-01	jgd2000	base/dem10/4931.tif
493160	DEM10B	2016-10-01	jgd2000	base/dem10/4931.tif
493161	DEM10B	2016-10-01	jgd2000	base/dem10/4931.tif
493162	DEM10B	2016-10-01	jgd2000	base/dem10/4931.tif
493163	DEM10B	2016-10-01	jgd2000	base/dem10/4931.tif
493164	DEM10B	2016-10-01	jgd2000	base/dem10/4931.tif
493165	DEM10B	2016-10-01	jgd2000	base/dem10/4931.tif
493166	DEM10B	2016-10-01	jgd2000	base/dem10/4931.tif
493167	DEM10B	2016-10-01	jgd2000	base/dem10/4931.tif
493170	DEM10B	2016-10-01	jgd2000	base/dem10/4931.tif
493171	DEM10B	2016-10-01	jgd2000	base/dem10/4931.tif
493172	DEM10A	2016-10-01	jgd2000	base/dem10/4931.tif
493172	DEM10B	2016-10-01	jgd2000	base/dem10/4931.tif
493173	DEM10A	2016-10-01	jgd2000	base/dem10/4931.tif
493173	DEM10B	2016-10-01	jgd2000	base/dem10/4931.tif
493174	DEM10B	2016-10-01	jgd2000	base/dem10/4931.tif
493175	DEM10B	2016-10-01	jgd2000	base/dem10/4931.tif
493176	DEM10B	2016-10-01	jgd2000	base/dem10/4931.tif
493177	DEM10B	2016-10-01	jgd2000	base/dem10/4931.tif
493203	DEM10B	2016-10-01	jgd2000	base/dem10/4932.tif
493204	DEM10B	2016-10-01	jgd2000	base/dem10/4932.tif
493206	DEM10B	2016-10-01	jgd2000	base/dem10/4932.tif
493207	DEM10B	2016-10-01	jgd2000	base/dem10/4932.tif
493210	DEM10B	2016-10-01	jgd2000	base/dem10/4932.tif
493213	DEM10B	2016-10-01	jgd2000	base/dem10/4932.tif
493214	DEM10B	2016-10-01	jgd2000	base/dem10/4932.tif
493215	DEM10B	2016-10-01	jgd2000	base/dem10/4932.tif
493216	DEM10B	2016-10-01	jgd2000	base/dem10/4932.tif
493217	DEM10B	2016-10-01	jgd2000	base/dem10/4932.tif
493220	DEM10B	2016-10-01	jgd2000	base/dem10/4932.tif
493223	DEM10B	2016-10-01	jgd2000	base/dem10/4932.tif
493224	DEM10B	2016-10-01	jgd2000	base/dem10/4932.tif
493225	DEM10B	2016-10-01	jgd2000	base/dem10/4932.tif
493226	DEM10B	2016-10-01	jgd2000	base/dem10/4932.tif
493227	DEM10B	2016-10-01	jgd2000	base/dem10/4932.tif
493230	DEM10B	2016-10-01	jgd2000	base/dem10/4932.tif
493233	DEM10B	2016-10-01	jgd2000	base/dem10/4932.tif
493234	DEM10B	2016-10-01	jgd2000	base/dem10/4932.tif
493235	DEM10B	2016-10-01	jgd2000	base/dem10/4932.tif
493236	DEM10B	2016-10-01	jgd2000	base/dem10/4932.tif
493237	DEM10B	2016-10-01	jgd2000	base/dem10/4932.tif
493240	DEM10B	2016-10-01	jgd2000	base/dem10/4932.tif
493241	DEM10B	2016-10-01	jgd2000	base/dem10/4932.tif
493243	DEM10B	2016-10-01	jgd2000	base/dem10/4932.tif
493244	DEM10B	2016-10-01	jgd2000	base/dem10/4932.tif
493245	DEM10B	2016-10-01	jgd2000	base/dem10/4932.tif
493246	DEM10B	2016-10-01	jgd2000	base/dem10/4932.tif
493247	DEM10B	2016-10-01	jgd2000	base/dem10/4932.tif
493250	DEM10B	2016-10-01	jgd2000	base/dem10/4932.tif
493252	DEM10B	2016-10-01	jgd2000	base/dem10/4932.tif
493253	DEM10B	2016-10-01	jgd2000	base/dem10/4932.tif
493254	DEM10B	2016-10-01	jgd2000	base/dem10/4932.tif
493255	DEM10B	2016-10-01	jgd2000	base/dem10/4932.tif
493256	DEM10B	2016-10-01	jgd2000	base/dem10/4932.tif
493257	DEM10B	2016-10-01	jgd2000	base/dem10/4932.tif
493262	DEM10B	2016-10-01	jgd2000	base/dem10/4932.tif
493263	DEM10B	2016-10-01	jgd2000	base/dem10/4932.tif
493264	DEM10B	2016-10-01	jgd2000	base/dem10/4932.tif
493265	DEM10B	2016-10-01	jgd2000	base/dem10/4932.tif
493266	DEM10B	2016-10-01	jgd2000	base/dem10/4932.tif
493267	DEM10B	2016-10-01	jgd2000	base/dem10/4932.tif
493272	DEM10B	2016-10-01	jgd2000	base/dem10/4932.tif
493273	DEM10B	2016-10-01	jgd2000	base/dem10/4932.tif
493274	DEM10B	2016-10-01	jgd2000	base/dem10/4932.tif
493275	DEM10B	2016-10-01	jgd2000	base/dem10/4932.tif
493276	DEM10B	2016-10-01	jgd2000	base/dem10/4932.tif
493277	DEM10B	2016-10-01	jgd2000	base/dem10/4932.tif
493300	DEM10B	2016-10-01	jgd2000	base/dem10/4933.tif
493310	DEM10B	2016-10-01	jgd2000	base/dem10/4933.tif
493320	DEM10B	2016-10-01	jgd2000	base/dem10/4933.tif
493330	DEM10B	2016-10-01	jgd2000	base/dem10/4933.tif
493340	DEM10B	2016-10-01	jgd2000	base/dem10/4933.tif
493350	DEM10B	2016-10-01	jgd2000	base/dem10/4933.tif
493351	DEM10B	2016-10-01	jgd2000	base/dem10/4933.tif
493360	DEM10B	2016-10-01	jgd2000	base/dem10/4933.tif
493361	DEM10B	2016-10-01	jgd2000	base/dem10/4933.tif
493362	DEM10B	2016-10-01	jgd2000	base/dem10/4933.tif
493370	DEM10B	2016-10-01	jgd2000	base/dem10/4933.tif
493371	DEM10B	2016-10-01	jgd2000	base/dem10/4933.tif
493372	DEM10B	2016-10-01	jgd2000	base/dem10/4933.tif
493461	DEM10B	2016-10-01	jgd2000	base/dem10/4934.tif
493470	DEM10B	2016-10-01	jgd2000	base/dem10/4934.tif
493471	DEM10B	2016-10-01	jgd2000	base/dem10/4934.tif
493946	DEM10B	2016-10-01	jgd2000	base/dem10/4939.tif
493955	DEM10B	2016-10-01	jgd2000	base/dem10/4939.tif
493956	DEM10B	2016-10-01	jgd2000	base/dem10/4939.tif
502903	DEM10B	2016-10-01	jgd2000	base/dem10/5029.tif
502904	DEM10B	2016-10-01	jgd2000	base/dem10/5029.tif
502905	DEM10B	2016-10-01	jgd2000	base/dem10/5029.tif
502906	DEM10B	2016-10-01	jgd2000	base/dem10/5029.tif
502907	DEM10B	2016-10-01	jgd2000	base/dem10/5029.tif
502913	DEM10B	2016-10-01	jgd2000	base/dem10/5029.tif
502914	DEM10B	2016-10-01	jgd2000	base/dem10/5029.tif
502915	DEM10B	2016-10-01	jgd2000	base/dem10/5029.tif
502916	DEM10B	2016-10-01	jgd2000	base/dem10/5029.tif
502917	DEM10B	2016-10-01	jgd2000	base/dem10/5029.tif
502924	DEM10B	2016-10-01	jgd2000	base/dem10/5029.tif
502925	DEM10B	2016-10-01	jgd2000	base/dem10/5029.tif
502926	DEM10B	2016-10-01	jgd2000	base/dem10/5029.tif
502927	DEM10B	2016-10-01	jgd2000	base/dem10/5029.tif
502934	DEM10B	2016-10-01	jgd2000	base/dem10/5029.tif
502936	DEM10B	2016-10-01	jgd2000	base/dem10/5029.tif
502937	DEM10B	2016-10-01	jgd2000	base/dem10/5029.tif
502944	DEM10B	2016-10-01	jgd2000	base/dem10/5029.tif
502945	DEM10B	2016-10-01	jgd2000	base/dem10/5029.tif
502946	DEM10B	2016-10-01	jgd2000	base/dem10/5029.tif
502947	DEM10B	2016-10-01	jgd2000	base/dem10/5029.tif
502955	DEM10B	2016-10-01	jgd2000	base/dem10/5029.tif
502956	DEM10B	2016-10-01	jgd2000	base/dem10/5029.tif
502965	DEM10B	2016-10-01	jgd2000	base/dem10/5029.tif
502966	DEM10B	2016-10-01	jgd2000	base/dem10/5029.tif
503000	DEM10B	2016-10-01	jgd2000	base/dem10/5030.tif
503001	DEM10B	2016-10-01	jgd2000	base/dem10/5030.tif
503002	DEM10B	2016-10-01	jgd2000	base/dem10/5030.tif
503003	DEM10B	2016-10-01	jgd2000	base/dem10/5030.tif
503004	DEM10B	2016-10-01	jgd2000	base/dem10/5030.tif
503005	DEM10B	2016-10-01	jgd2000	base/dem10/5030.tif
503006	DEM10B	2016-10-01	jgd2000	base/dem10/5030.tif
503007	DEM10B	2016-10-01	jgd2000	base/dem10/5030.tif
503010	DEM10B	2016-10-01	jgd2000	base/dem10/5030.tif
503011	DEM10B	2016-10-01	jgd2000	base/dem10/5030.tif
503012	DEM10B	2016-10-01	jgd2000	base/dem10/5030.tif
503013	DEM10B	2016-10-01	jgd2000	base/dem10/5030.tif
503014	DEM10B	2016-10-01	jgd2000	base/dem10/5030.tif
503015	DEM10B	2016-10-01	jgd2000	base/dem10/5030.tif
503016	DEM10B	2016-10-01	jgd2000	base/dem10/5030.tif
503017	DEM10B	2016-10-01	jgd2000	base/dem10/5030.tif
503020	DEM10B	2016-10-01	jgd2000	base/dem10/5030.tif
503021	DEM10B	2016-10-01	jgd2000	base/dem10/5030.tif
503022	DEM10B	2016-10-01	jgd2000	base/dem10/5030.tif
503023	DEM10B	2016-10-01	jgd2000	base/dem10/5030.tif
503024	DEM10B	2016-10-01	jgd2000	base/dem10/5030.tif
503025	DEM10B	2016-10-01	jgd2000	base/dem10/5030.tif
503026	DEM10B	2016-10-01	jgd2000	base/dem10/5030.tif
503027	DEM10B	2016-10-01	jgd2000	base/dem10/5030.tif
503030	DEM10B	2020-04-09	jgd2011	base/dem10/5030-fill.tif
503031	DEM10B	2016-10-01	jgd2000	base/dem10/5030.tif
503032	DEM10B	2016-10-01	jgd2000	base/dem10/5030.tif
503033	DEM10B	2016-10-01	jgd2000	base/dem10/5030.tif
503034	DEM10B	2016-10-01	jgd2000	base/dem10/5030.tif
503035	DEM10B	2016-10-01	jgd2000	base/dem10/5030.tif
503036	DEM10B	2016-10-01	jgd2000	base/dem10/5030.tif
503037	DEM10B	2016-10-01	jgd2000	base/dem10/5030.tif
503041	DEM10B	2016-10-01	jgd2011	base/dem10/5030-fill.tif
503042	DEM10B	2016-10-01	jgd2000	base/dem10/5030.tif
503043	DEM10B	2016-10-01	jgd2000	base/dem10/5030.tif
503044	DEM10B	2016-10-01	jgd2000	base/dem10/5030.tif
503045	DEM10B	2016-10-01	jgd2000	base/dem10/5030.tif
503046	DEM10B	2016-10-01	jgd2000	base/dem10/5030.tif
503047	DEM10B	2016-10-01	jgd2000	base/dem10/5030.tif
503052	DEM10B	2016-10-01	jgd2000	base/dem10/5030.tif
503053	DEM10B	2016-10-01	jgd2000	base/dem10/5030.tif
503054	DEM10B	2016-10-01	jgd2000	base/dem10/5030.tif
503055	DEM10B	2016-10-01	jgd2000	base/dem10/5030.tif
503056	DEM10B	2016-10-01	jgd2000	base/dem10/5030.tif
503057	DEM10B	2016-10-01	jgd2000	base/dem10/5030.tif
503060	DEM10B	2016-10-01	jgd2000	base/dem10/5030.tif
503063	DEM10B	2016-10-01	jgd2000	base/dem10/5030.tif
503064	DEM10B	2016-10-01	jgd2000	base/dem10/5030.tif
503065	DEM10B	2016-10-01	jgd2000	base/dem10/5030.tif
503066	DEM10B	2016-10-01	jgd2000	base/dem10/5030.tif
503067	DEM10B	2016-10-01	jgd2000	base/dem10/5030.tif
503073	DEM10B	2016-10-01	jgd2000	base/dem10/5030.tif
503075	DEM10B	2016-10-01	jgd2000	base/dem10/5030.tif
503076	DEM10B	2016-10-01	jgd2000	base/dem10/5030.tif
503077	DEM10B	2016-10-01	jgd2000	base/dem10/5030.tif
503100	DEM10B	2016-10-01	jgd2000	base/dem10/5031.tif
503101	DEM10B	2016-10-01	jgd2000	base/dem10/5031.tif
503102	DEM10B	2016-10-01	jgd2000	base/dem10/5031.tif
503103	DEM10B	2016-10-01	jgd2000	base/dem10/5031.tif
503104	DEM10B	2016-10-01	jgd2000	base/dem10/5031.tif
503105	DEM10B	2016-10-01	jgd2000	base/dem10/5031.tif
503110	DEM10B	2016-10-01	jgd2000	base/dem10/5031.tif
503111	DEM10B	2016-10-01	jgd2000	base/dem10/5031.tif
503112	DEM10B	2016-10-01	jgd2000	base/dem10/5031.tif
503113	DEM10B	2016-10-01	jgd2000	base/dem10/5031.tif
503114	DEM10B	2016-10-01	jgd2000	base/dem10/5031.tif
503115	DEM10B	2016-10-01	jgd2000	base/dem10/5031.tif
503120	DEM10B	2016-10-01	jgd2000	base/dem10/5031.tif
503121	DEM10B	2016-10-01	jgd2000	base/dem10/5031.tif
503122	DEM10B	2016-10-01	jgd2000	base/dem10/5031.tif
503123	DEM10B	2016-10-01	jgd2000	base/dem10/5031.tif
503124	DEM10B	2016-10-01	jgd2000	base/dem10/5031.tif
503125	DEM10B	2016-10-01	jgd2000	base/dem10/5031.tif
503130	DEM10B	2016-10-01	jgd2000	base/dem10/5031.tif
503131	DEM10B	2016-10-01	jgd2000	base/dem10/5031.tif
503132	DEM10B	2016-10-01	jgd2000	base/dem10/5031.tif
503133	DEM10B	2016-10-01	jgd2000	base/dem10/5031.tif
503134	DEM10B	2016-10-01	jgd2000	base/dem10/5031.tif
503135	DEM10B	2016-10-01	jgd2000	base/dem10/5031.tif
503140	DEM10B	2016-10-01	jgd2000	base/dem10/5031.tif
503143	DEM10B	2016-10-01	jgd2000	base/dem10/5031.tif
503144	DEM10B	2016-10-01	jgd2000	base/dem10/5031.tif
503145	DEM10B	2016-10-01	jgd2000	base/dem10/5031.tif
503150	DEM10B	2016-10-01	jgd2000	base/dem10/5031.tif
503157	DEM10B	2016-10-01	jgd2000	base/dem10/5031.tif
503160	DEM10B	2016-10-01	jgd2000	base/dem10/5031.tif
503167	DEM10B	2016-10-01	jgd2000	base/dem10/5031.tif
503170	DEM10B	2016-10-01	jgd2000	base/dem10/5031.tif
503171	DEM10B	2016-10-01	jgd2000	base/dem10/5031.tif
503172	DEM10B	2016-10-01	jgd2000	base/dem10/5031.tif
503173	DEM10B	2016-10-01	jgd2000	base/dem10/5031.tif
503174	DEM10B	2016-10-01	jgd2000	base/dem10/5031.tif
503175	DEM10B	2016-10-01	jgd2000	base/dem10/5031.tif
503176	DEM10B	2016-10-01	jgd2000	base/dem10/5031.tif
503177	DEM10B	2016-10-01	jgd2000	base/dem10/5031.tif
503200	DEM10B	2016-10-01	jgd2000	base/dem10/5032.tif
503201	DEM10B	2016-10-01	jgd2000	base/dem10/5032.tif
503202	DEM10B	2016-10-01	jgd2000	base/dem10/5032.tif
503203	DEM10B	2016-10-01	jgd2000	base/dem10/5032.tif
503204	DEM10B	2016-10-01	jgd2000	base/dem10/5032.tif
503205	DEM10B	2016-10-01	jgd2000	base/dem10/5032.tif
503206	DEM10B	2016-10-01	jgd2000	base/dem10/5032.tif
503207	DEM10B	2016-10-01	jgd2000	base/dem10/5032.tif
503210	DEM10B	2016-10-01	jgd2000	base/dem10/5032.tif
503211	DEM10B	2016-10-01	jgd2000	base/dem10/5032.tif
503212	DEM10B	2016-10-01	jgd2000	base/dem10/5032.tif
503213	DEM10B	2016-10-01	jgd2000	base/dem10/5032.tif
503214	DEM10B	2016-10-01	jgd2000	base/dem10/5032.tif
503215	DEM10B	2016-10-01	jgd2000	base/dem10/5032.tif
503216	DEM10B	2016-10-01	jgd2000	base/dem10/5032.tif
503217	DEM10B	2016-10-01	jgd2000	base/dem10/5032.tif
503222	DEM10B	2016-10-01	jgd2000	base/dem10/5032.tif
503223	DEM10B	2016-10-01	jgd2000	base/dem10/5032.tif
503224	DEM10B	2016-10-01	jgd2000	base/dem10/5032.tif
503225	DEM10B	2016-10-01	jgd2000	base/dem10/5032.tif
503226	DEM10B	2016-10-01	jgd2000	base/dem10/5032.tif
503227	DEM10B	2016-10-01	jgd2000	base/dem10/5032.tif
503233	DEM10B	2016-10-01	jgd2000	base/dem10/5032.tif
503234	DEM10B	2016-10-01	jgd2000	base/dem10/5032.tif
503235	DEM10B	2016-10-01	jgd2000	base/dem10/5032.tif
503236	DEM10B	2016-10-01	jgd2000	base/dem10/5032.tif
503237	DEM10B	2016-10-01	jgd2000	base/dem10/5032.tif
503240	DEM10B	2016-10-01	jgd2000	base/dem10/5032.tif
503241	DEM10B	2016-10-01	jgd2000	base/dem10/5032.tif
503243	DEM10B	2018-11-14	jgd2011	base/dem10/5032-fill.tif
503244	DEM10B	2016-10-01	jgd2000	base/dem10/5032.tif
503245	DEM10B	2016-10-01	jgd2000	base/dem10/5032.tif
503246	DEM10B	2016-10-01	jgd2000	base/dem10/5032.tif
503247	DEM10B	2016-10-01	jgd2000	base/dem10/5032.tif
503250	DEM10B	2016-10-01	jgd2000	base/dem10/5032.tif
503251	DEM10B	2016-10-01	jgd2000	base/dem10/5032.tif
503252	DEM10B	2016-10-01	jgd2000	base/dem10/5032.tif
503253	DEM10B	2016-10-01	jgd2000	base/dem10/5032.tif
503255	DEM10B	2016-10-01	jgd2000	base/dem10/5032.tif
503256	DEM10B	2016-10-01	jgd2000	base/dem10/5032.tif
503257	DEM10B	2016-10-01	jgd2000	base/dem10/5032.tif
503260	DEM10B	2016-10-01	jgd2000	base/dem10/5032.tif
503261	DEM10B	2016-10-01	jgd2000	base/dem10/5032.tif
503262	DEM10B	2016-10-01	jgd2000	base/dem10/5032.tif
503263	DEM10B	2016-10-01	jgd2000	base/dem10/5032.tif
503264	DEM10B	2016-10-01	jgd2000	base/dem10/5032.tif
503265	DEM10B	2016-10-01	jgd2000	base/dem10/5032.tif
503266	DEM10B	2016-10-01	jgd2000	base/dem10/5032.tif
503267	DEM10B	2016-10-01	jgd2000	base/dem10/5032.tif
503270	DEM10B	2016-10-01	jgd2000	base/dem10/5032.tif
503271	DEM10B	2016-10-01	jgd2000	base/dem10/5032.tif
503272	DEM10B	2016-10-01	jgd2000	base/dem10/5032.tif
503273	DEM10B	2016-10-01	jgd2000	base/dem10/5032.tif
503274	DEM10B	2016-10-01	jgd2000	base/dem10/5032.tif
503275	DEM10B	2016-10-01	jgd2000	base/dem10/5032.tif
503276	DEM10B	2016-10-01	jgd2000	base/dem10/5032.tif
503277	DEM10B	2016-10-01	jgd2000	base/dem10/5032.tif
503300	DEM10B	2016-10-01	jgd2000	base/dem10/5033.tif
503301	DEM10B	2016-10-01	jgd2000	base/dem10/5033.tif
503302	DEM10B	2016-10-01	jgd2000	base/dem10/5033.tif
503303	DEM10B	2016-10-01	jgd2000	base/dem10/5033.tif
503310	DEM10B	2016-10-01	jgd2000	base/dem10/5033.tif
503311	DEM10B	2016-10-01	jgd2000	base/dem10/5033.tif
503312	DEM10B	2016-10-01	jgd2000	base/dem10/5033.tif
503313	DEM10B	2016-10-01	jgd2000	base/dem10/5033.tif
503314	DEM10B	2016-10-01	jgd2000	base/dem10/5033.tif
503317	DEM10B	2016-10-01	jgd2000	base/dem10/5033.tif
503320	DEM10B	2016-10-01	jgd2000	base/dem10/5033.tif
503321	DEM10B	2016-10-01	jgd2000	base/dem10/5033.tif
503322	DEM10B	2016-10-01	jgd2000	base/dem10/5033.tif
503323	DEM10B	2016-10-01	jgd2000	base/dem10/5033.tif
503324	DEM10B	2016-10-01	jgd2000	base/dem10/5033.tif
503325	DEM10B	2016-10-01	jgd2000	base/dem10/5033.tif
503326	DEM10B	2016-10-01	jgd2000	base/dem10/5033.tif
503327	DEM10B	2016-10-01	jgd2000	base/dem10/5033.tif
503330	DEM10B	2016-10-01	jgd2000	base/dem10/5033.tif
503331	DEM10B	2016-10-01	jgd2000	base/dem10/5033.tif
503332	DEM10B	2016-10-01	jgd2000	base/dem10/5033.tif
503333	DEM10B	2016-10-01	jgd2000	base/dem10/5033.tif
503334	DEM10B	2016-10-01	jgd2000	base/dem10/5033.tif
503335	DEM10B	2016-10-01	jgd2000	base/dem10/5033.tif
503336	DEM10B	2016-10-01	jgd2000	base/dem10/5033.tif
503337	DEM10B	2016-10-01	jgd2000	base/dem10/5033.tif
503340	DEM10B	2016-10-01	jgd2000	base/dem10/5033.tif
503341	DEM10B	2016-10-01	jgd2000	base/dem10/5033.tif
503342	DEM10B	2016-10-01	jgd2000	base/dem10/5033.tif
503343	DEM10B	2016-10-01	jgd2000	base/dem10/5033.tif
503344	DEM10B	2016-10-01	jgd2000	base/dem10/5033.tif
503345	DEM10B	2016-10-01	jgd2000	base/dem10/5033.tif
503346	DEM10B	2016-10-01	jgd2000	base/dem10/5033.tif
503347	DEM10B	2016-10-01	jgd2000	base/dem10/5033.tif
503350	DEM10B	2016-10-01	jgd2000	base/dem10/5033.tif
503351	DEM10B	2016-10-01	jgd2000	base/dem10/5033.tif
503352	DEM10B	2016-10-01	jgd2000	base/dem10/5033.tif
503353	DEM10B	2016-10-01	jgd2000	base/dem10/5033.tif
503354	DEM10B	2016-10-01	jgd2000	base/dem10/5033.tif
503355	DEM10B	2016-10-01	jgd2000	base/dem10/5033.tif
503356	DEM10B	2016-10-01	jgd2000	base/dem10/5033.tif
503357	DEM10B	2016-10-01	jgd2000	base/dem10/5033.tif
503360	DEM10B	2016-10-01	jgd2000	base/dem10/5033.tif
503361	DEM10B	2016-10-01	jgd2000	base/dem10/5033.tif
503362	DEM10B	2016-10-01	jgd2000	base/dem10/5033.tif
503363	DEM10B	2016-10-01	jgd2000	base/dem10/5033.tif
503364	DEM10B	2016-10-01	jgd2000	base/dem10/5033.tif
503365	DEM10B	2016-10-01	jgd2000	base/dem10/5033.tif
503366	DEM10B	2016-10-01	jgd2000	base/dem10/5033.tif
503367	DEM10B	2016-10-01	jgd2000	base/dem10/5033.tif
503370	DEM10B	2016-10-01	jgd2000	base/dem10/5033.tif
503371	DEM10B	2016-10-01	jgd2000	base/dem10/5033.tif
503372	DEM10B	2016-10-01	jgd2000	base/dem10/5033.tif
503373	DEM10B	2016-10-01	jgd2000	base/dem10/5033.tif
503374	DEM10B	2016-10-01	jgd2000	base/dem10/5033.tif
503375	DEM10B	2016-10-01	jgd2000	base/dem10/5033.tif
503376	DEM10B	2016-10-01	jgd2000	base/dem10/5033.tif
503377	DEM10B	2016-10-01	jgd2000	base/dem10/5033.tif
503400	DEM10B	2016-10-01	jgd2000	base/dem10/5034.tif
503401	DEM10B	2016-10-01	jgd2000	base/dem10/5034.tif
503410	DEM10B	2016-10-01	jgd2000	base/dem10/5034.tif
503411	DEM10B	2016-10-01	jgd2000	base/dem10/5034.tif
503412	DEM10B	2016-10-01	jgd2000	base/dem10/5034.tif
503420	DEM10B	2016-10-01	jgd2000	base/dem10/5034.tif
503421	DEM10B	2016-10-01	jgd2000	base/dem10/5034.tif
503422	DEM10B	2016-10-01	jgd2000	base/dem10/5034.tif
503430	DEM10B	2016-10-01	jgd2000	base/dem10/5034.tif
503431	DEM10B	2016-10-01	jgd2000	base/dem10/5034.tif
503432	DEM10B	2016-10-01	jgd2000	base/dem10/5034.tif
503433	DEM10B	2016-10-01	jgd2000	base/dem10/5034.tif
503434	DEM10B	2016-10-01	jgd2000	base/dem10/5034.tif
503440	DEM10B	2016-10-01	jgd2000	base/dem10/5034.tif
503441	DEM10B	2016-10-01	jgd2000	base/dem10/5034.tif
503442	DEM10B	2016-10-01	jgd2000	base/dem10/5034.tif
503443	DEM10B	2016-10-01	jgd2000	base/dem10/5034.tif
503444	DEM10B	2016-10-01	jgd2000	base/dem10/5034.tif
503450	DEM10B	2016-10-01	jgd2000	base/dem10/5034.tif
503451	DEM10B	2016-10-01	jgd2000	base/dem10/5034.tif
503452	DEM10B	2016-10-01	jgd2000	base/dem10/5034.tif
503453	DEM10B	2016-10-01	jgd2000	base/dem10/5034.tif
503454	DEM10B	2016-10-01	jgd2000	base/dem10/5034.tif
503455	DEM10B	2016-10-01	jgd2000	base/dem10/5034.tif
503456	DEM10B	2016-10-01	jgd2000	base/dem10/5034.tif
503460	DEM10B	2016-10-01	jgd2000	base/dem10/5034.tif
503461	DEM10B	2016-10-01	jgd2000	base/dem10/5034.tif
503462	DEM10B	2016-10-01	jgd2000	base/dem10/5034.tif
503463	DEM10B	2016-10-01	jgd2000	base/dem10/5034.tif
503464	DEM10B	2016-10-01	jgd2000	base/dem10/5034.tif
503465	DEM10B	2016-10-01	jgd2000	base/dem10/5034.tif
503466	DEM10B	2016-10-01	jgd2000	base/dem10/5034.tif
503470	DEM10B	2016-10-01	jgd2000	base/dem10/5034.tif
503471	DEM10B	2016-10-01	jgd2000	base/dem10/5034.tif
503472	DEM10B	2016-10-01	jgd2000	base/dem10/5034.tif
503473	DEM10B	2016-10-01	jgd2000	base/dem10/5034.tif
503474	DEM10B	2016-10-01	jgd2000	base/dem10/5034.tif
503475	DEM10B	2016-10-01	jgd2000	base/dem10/5034.tif
503514	DEM10B	2016-10-01	jgd2000	base/dem10/5035.tif
503515	DEM10B	2016-10-01	jgd2000	base/dem10/5035.tif
503516	DEM10B	2016-10-01	jgd2000	base/dem10/5035.tif
503523	DEM10B	2016-10-01	jgd2000	base/dem10/5035.tif
503524	DEM10B	2016-10-01	jgd2000	base/dem10/5035.tif
503525	DEM10B	2016-10-01	jgd2000	base/dem10/5035.tif
503526	DEM10B	2016-10-01	jgd2000	base/dem10/5035.tif
503527	DEM10B	2016-10-01	jgd2000	base/dem10/5035.tif
503532	DEM10B	2016-10-01	jgd2000	base/dem10/5035.tif
503533	DEM10B	2016-10-01	jgd2000	base/dem10/5035.tif
503534	DEM10B	2016-10-01	jgd2000	base/dem10/5035.tif
503535	DEM10B	2016-10-01	jgd2000	base/dem10/5035.tif
503536	DEM10B	2016-10-01	jgd2000	base/dem10/5035.tif
503537	DEM10B	2016-10-01	jgd2000	base/dem10/5035.tif
503542	DEM10B	2016-10-01	jgd2000	base/dem10/5035.tif
503543	DEM10B	2016-10-01	jgd2000	base/dem10/5035.tif
503544	DEM10B	2016-10-01	jgd2000	base/dem10/5035.tif
503545	DEM10B	2016-10-01	jgd2000	base/dem10/5035.tif
503546	DEM10B	2016-10-01	jgd2000	base/dem10/5035.tif
503547	DEM10B	2016-10-01	jgd2000	base/dem10/5035.tif
503551	DEM10B	2016-10-01	jgd2000	base/dem10/5035.tif
503552	DEM10B	2016-10-01	jgd2000	base/dem10/5035.tif
503553	DEM10B	2016-10-01	jgd2000	base/dem10/5035.tif
503554	DEM10B	2016-10-01	jgd2000	base/dem10/5035.tif
503555	DEM10B	2016-10-01	jgd2000	base/dem10/5035.tif
503556	DEM10B	2016-10-01	jgd2000	base/dem10/5035.tif
503557	DEM10B	2016-10-01	jgd2000	base/dem10/5035.tif
503560	DEM10B	2016-10-01	jgd2000	base/dem10/5035.tif
503561	DEM10B	2016-10-01	jgd2000	base/dem10/5035.tif
503562	DEM10B	2016-10-01	jgd2000	base/dem10/5035.tif
503563	DEM10B	2016-10-01	jgd2000	base/dem10/5035.tif
503564	DEM10B	2016-10-01	jgd2000	base/dem10/5035.tif
503565	DEM10B	2016-10-01	jgd2000	base/dem10/5035.tif
503566	DEM10B	2016-10-01	jgd2000	base/dem10/5035.tif
503567	DEM10B	2016-10-01	jgd2000	base/dem10/5035.tif
503570	DEM10B	2016-10-01	jgd2000	base/dem10/5035.tif
503571	DEM10B	2016-10-01	jgd2000	base/dem10/5035.tif
503572	DEM10B	2016-10-01	jgd2000	base/dem10/5035.tif
503573	DEM10B	2016-10-01	jgd2000	base/dem10/5035.tif
503574	DEM10B	2016-10-01	jgd2000	base/dem10/5035.tif
503575	DEM10B	2016-10-01	jgd2000	base/dem10/5035.tif
503576	DEM10B	2016-10-01	jgd2000	base/dem10/5035.tif
503577	DEM10B	2016-10-01	jgd2000	base/dem10/5035.tif
503640	DEM10B	2016-10-01	jgd2000	base/dem10/5036.tif
503650	DEM10B	2016-10-01	jgd2000	base/dem10/5036.tif
503660	DEM10B	2016-10-01	jgd2000	base/dem10/5036.tif
503661	DEM10B	2016-10-01	jgd2000	base/dem10/5036.tif
503670	DEM10B	2016-10-01	jgd2000	base/dem10/5036.tif
503671	DEM10B	2016-10-01	jgd2000	base/dem10/5036.tif
503672	DEM10B	2016-10-01	jgd2000	base/dem10/5036.tif
503876	DEM10B	2016-10-01	jgd2000	base/dem10/5038.tif
503932	DEM10B	2016-10-01	jgd2000	base/dem10/5039.tif
503964	DEM10B	2016-10-01	jgd2000	base/dem10/5039.tif
503965	DEM10B	2016-10-01	jgd2000	base/dem10/5039.tif
512911	DEM10B	2016-10-01	jgd2011	base/dem10/5129.tif
512912	DEM10B	2016-10-01	jgd2011	base/dem10/5129.tif
512921	DEM10B	2016-10-01	jgd2011	base/dem10/5129.tif
512922	DEM10B	2016-10-01	jgd2011	base/dem10/5129.tif
512931	DEM10B	2016-10-01	jgd2011	base/dem10/5129.tif
512932	DEM10B	2016-10-01	jgd2011	base/dem10/5129.tif
512933	DEM10B	2016-10-01	jgd2011	base/dem10/5129.tif
512941	DEM10B	2016-10-01	jgd2011	base/dem10/5129.tif
512942	DEM10B	2016-10-01	jgd2011	base/dem10/5129.tif
512943	DEM10B	2016-10-01	jgd2011	base/dem10/5129.tif
512952	DEM10B	2016-10-01	jgd2011	base/dem10/5129.tif
512953	DEM10B	2016-10-01	jgd2011	base/dem10/5129.tif
512962	DEM10B	2016-10-01	jgd2011	base/dem10/5129.tif
512963	DEM10B	2016-10-01	jgd2011	base/dem10/5129.tif
512972	DEM10B	2016-10-01	jgd2011	base/dem10/5129.tif
512973	DEM10B	2016-10-01	jgd2011	base/dem10/5129.tif
513005	DEM10B	2016-10-01	jgd2000	base/dem10/5130.tif
513006	DEM10B	2016-10-01	jgd2000	base/dem10/5130.tif
513007	DEM10B	2016-10-01	jgd2000	base/dem10/5130.tif
513016	DEM10B	2016-10-01	jgd2000	base/dem10/5130.tif
513017	DEM10B	2016-10-01	jgd2000	base/dem10/5130.tif
513020	DEM10B	2017-08-04	jgd2011	base/dem10/5130-fill.tif
513027	DEM10B	2016-10-01	jgd2000	base/dem10/5130.tif
513030	DEM10B	2017-08-04	jgd2011	base/dem10/5130-fill.tif
513036	DEM10B	2016-10-01	jgd2000	base/dem10/5130.tif
513037	DEM10B	2016-10-01	jgd2000	base/dem10/5130.tif
513046	DEM10B	2016-10-01	jgd2000	base/dem10/5130.tif
513047	DEM10B	2016-10-01	jgd2000	base/dem10/5130.tif
513057	DEM10B	2016-10-01	jgd2000	base/dem10/5130.tif
513100	DEM10B	2016-10-01	jgd2000	base/dem10/5131.tif
513101	DEM10B	2016-10-01	jgd2000	base/dem10/5131.tif
513102	DEM10B	2016-10-01	jgd2000	base/dem10/5131.tif
513103	DEM10B	2016-10-01	jgd2000	base/dem10/5131.tif
513104	DEM10B	2016-10-01	jgd2000	base/dem10/5131.tif
513105	DEM10B	2016-10-01	jgd2000	base/dem10/5131.tif
513106	DEM10B	2016-10-01	jgd2000	base/dem10/5131.tif
513107	DEM10B	2016-10-01	jgd2000	base/dem10/5131.tif
513110	DEM10B	2016-10-01	jgd2000	base/dem10/5131.tif
513111	DEM10B	2016-10-01	jgd2000	base/dem10/5131.tif
513112	DEM10B	2016-10-01	jgd2000	base/dem10/5131.tif
513113	DEM10B	2016-10-01	jgd2000	base/dem10/5131.tif
513114	DEM10B	2016-10-01	jgd2000	base/dem10/5131.tif
513115	DEM10B	2016-10-01	jgd2000	base/dem10/5131.tif
513116	DEM10B	2016-10-01	jgd2000	base/dem10/5131.tif
513117	DEM10B	2016-10-01	jgd2000	base/dem10/5131.tif
513120	DEM10B	2016-10-01	jgd2000	base/dem10/5131.tif
513121	DEM10B	2016-10-01	jgd2000	base/dem10/5131.tif
513122	DEM10B	2016-10-01	jgd2000	base/dem10/5131.tif
513123	DEM10B	2016-10-01	jgd2000	base/dem10/5131.tif
513124	DEM10B	2016-10-01	jgd2000	base/dem10/5131.tif
513125	DEM10B	2016-10-01	jgd2000	base/dem10/5131.tif
513126	DEM10B	2016-10-01	jgd2000	base/dem10/5131.tif
513127	DEM10B	2016-10-01	jgd2000	base/dem10/5131.tif
513130	DEM10B	2016-10-01	jgd2000	base/dem10/5131.tif
513131	DEM10B	2016-10-01	jgd2000	base/dem10/5131.tif
513132	DEM10B	2016-10-01	jgd2000	base/dem10/5131.tif
513133	DEM10B	2016-10-01	jgd2000	base/dem10/5131.tif
513134	DEM10B	2016-10-01	jgd2000	base/dem10/5131.tif
513135	DEM10B	2016-10-01	jgd2000	base/dem10/5131.tif
513136	DEM10B	2016-10-01	jgd2000	base/dem10/5131.tif
513137	DEM10B	2016-10-01	jgd2000	base/dem10/5131.tif
513140	DEM10B	2016-10-01	jgd2000	base/dem10/5131.tif
513141	DEM10B	2016-10-01	jgd2000	base/dem10/5131.tif
513142	DEM10B	2016-10-01	jgd2000	base/dem10/5131.tif
513143	DEM10B	2016-10-01	jgd2000	base/dem10/5131.tif
513144	DEM10B	2016-10-01	jgd2000	base/dem10/5131.tif
513145	DEM10B	2016-10-01	jgd2000	base/dem10/5131.tif
513146	DEM10B	2016-10-01	jgd2000	base/dem10/5131.tif
513147	DEM10B	2016-10-01	jgd2000	base/dem10/5131.tif
513150	DEM10B	2016-10-01	jgd2000	base/dem10/5131.tif
513151	DEM10B	2016-10-01	jgd2000	base/dem10/5131.tif
513152	DEM10B	2016-10-01	jgd2000	base/dem10/5131.tif
513153	DEM10B	2016-10-01	jgd2000	base/dem10/5131.tif
513154	DEM10B	2016-10-01	jgd2000	base/dem10/5131.tif
513155	DEM10B	2016-10-01	jgd2000	base/dem10/5131.tif
513156	DEM10B	2016-10-01	jgd2000	base/dem10/5131.tif
513157	DEM10B	2016-10-01	jgd2000	base/dem10/5131.tif
513162	DEM10B	2016-10-01	jgd2000	base/dem10/5131.tif
513163	DEM10B	2016-10-01	jgd2000	base/dem10/5131.tif
513164	DEM10B	2016-10-01	jgd2000	base/dem10/5131.tif
513165	DEM10B	2016-10-01	jgd2000	base/dem10/5131.tif
513166	DEM10B	2016-10-01	jgd2000	base/dem10/5131.tif
513167	DEM10B	2016-10-01	jgd2000	base/dem10/5131.tif
513174	DEM10B	2016-10-01	jgd2000	base/dem10/5131.tif
513175	DEM10B	2016-10-01	jgd2000	base/dem10/5131.tif
513176	DEM10B	2016-10-01	jgd2000	base/dem10/5131.tif
513177	DEM10B	2016-10-01	jgd2000	base/dem10/5131.tif
513200	DEM10B	2016-10-01	jgd2000	base/dem10/5132.tif
513201	DEM10B	2016-10-01	jgd2000	base/dem10/5132.tif
513202	DEM10B	2016-10-01	jgd2000	base/dem10/5132.tif
513203	DEM10B	2016-10-01	jgd2011	base/dem10/5132-fill.tif
513204	DEM10B	2020-04-09	jgd2011	base/dem10/5132-fill.tif
513205	DEM10B	2016-10-01	jgd2000	base/dem10/5132.tif
513206	DEM10B	2016-10-01	jgd2000	base/dem10/5132.tif
513207	DEM10B	2016-10-01	jgd2000	base/dem10/5132.tif
513210	DEM10B	2016-10-01	jgd2000	base/dem10/5132.tif
513211	DEM10B	2016-10-01	jgd2000	base/dem10/5132.tif
513212	DEM10B	2016-10-01	jgd2000	base/dem10/5132.tif
513213	DEM10B	2016-10-01	jgd2000	base/dem10/5132.tif
513214	DEM10B	2016-10-01	jgd2000	base/dem10/5132.tif
513215	DEM10B	2016-10-01	jgd2000	base/dem10/5132.tif
513216	DEM10B	2016-10-01	jgd2000	base/dem10/5132.tif
513217	DEM10B	2016-10-01	jgd2000	base/dem10/5132.tif
513220	DEM10B	2016-10-01	jgd2000	base/dem10/5132.tif
513221	DEM10B	2016-10-01	jgd2000	base/dem10/5132.tif
513222	DEM10B	2016-10-01	jgd2000	base/dem10/5132.tif
513223	DEM10B	2016-10-01	jgd2000	base/dem10/5132.tif
513224	DEM10B	2016-10-01	jgd2000	base/dem10/5132.tif
513225	DEM10B	2016-10-01	jgd2000	base/dem10/5132.tif
513226	DEM10B	2016-10-01	jgd2000	base/dem10/5132.tif
513227	DEM10B	2016-10-01	jgd2000	base/dem10/5132.tif
513230	DEM10B	2016-10-01	jgd2000	base/dem10/5132.tif
513231	DEM10B	2016-10-01	jgd2000	base/dem10/5132.tif
513232	DEM10B	2016-10-01	jgd2000	base/dem10/5132.tif
513233	DEM10B	2016-10-01	jgd2000	base/dem10/5132.tif
513234	DEM10B	2016-10-01	jgd2000	base/dem10/5132.tif
513235	DEM10B	2016-10-01	jgd2000	base/dem10/5132.tif
513236	DEM10B	2016-10-01	jgd2000	base/dem10/5132.tif
513237	DEM10B	2016-10-01	jgd2000	base/dem10/5132.tif
513240	DEM10B	2016-10-01	jgd2000	base/dem10/5132.tif
513241	DEM10B	2016-10-01	jgd2000	base/dem10/5132.tif
513242	DEM10B	2016-10-01	jgd2000	base/dem10/5132.tif
513243	DEM10B	2016-10-01	jgd2000	base/dem10/5132.tif
513244	DEM10B	2016-10-01	jgd2000	base/dem10/5132.tif
513245	DEM10B	2016-10-01	jgd2000	base/dem10/5132.tif
513246	DEM10B	2016-10-01	jgd2000	base/dem10/5132.tif
513247	DEM10B	2016-10-01	jgd2000	base/dem10/5132.tif
513250	DEM10B	2016-10-01	jgd2000	base/dem10/5132.tif
513251	DEM10B	2016-10-01	jgd2000	base/dem10/5132.tif
513252	DEM10B	2016-10-01	jgd2000	base/dem10/5132.tif
513253	DEM10B	2016-10-01	jgd2000	base/dem10/5132.tif
513254	DEM10B	2016-10-01	jgd2000	base/dem10/5132.tif
513255	DEM10B	2016-10-01	jgd2000	base/dem10/5132.tif
513256	DEM10B	2016-10-01	jgd2000	base/dem10/5132.tif
513257	DEM10B	2016-10-01	jgd2000	base/dem10/5132.tif
513260	DEM10B	2016-10-01	jgd2000	base/dem10/5132.tif
513261	DEM10B	2016-10-01	jgd2000	base/dem10/5132.tif
513262	DEM10B	2016-10-01	jgd2000	base/dem10/5132.tif
513263	DEM10B	2016-10-01	jgd2000	base/dem10/5132.tif
513264	DEM10B	2016-10-01	jgd2000	base/dem10/5132.tif
513265	DEM10B	2016-10-01	jgd2000	base/dem10/5132.tif
513266	DEM10B	2016-10-01	jgd2000	base/dem10/5132.tif
513267	DEM10B	2016-10-01	jgd2000	base/dem10/5132.tif
513270	DEM10B	2016-10-01	jgd2000	base/dem10/5132.tif
513271	DEM10B	2016-10-01	jgd2000	base/dem10/5132.tif
513272	DEM10B	2016-10-01	jgd2000	base/dem10/5132.tif
513273	DEM10B	2016-10-01	jgd2000	base/dem10/5132.tif
513274	DEM10B	2016-10-01	jgd2000	base/dem10/5132.tif
513275	DEM10B	2016-10-01	jgd2000	base/dem10/5132.tif
513276	DEM10B	2016-10-01	jgd2000	base/dem10/5132.tif
513277	DEM10B	2016-10-01	jgd2000	base/dem10/5132.tif
513300	DEM10B	2016-10-01	jgd2000	base/dem10/5133.tif
513302	DEM10B	2016-10-01	jgd2000	base/dem10/5133.tif
513304	DEM10B	2016-10-01	jgd2000	base/dem10/5133.tif
513305	DEM10B	2016-10-01	jgd2000	base/dem10/5133.tif
513306	DEM10B	2016-10-01	jgd2000	base/dem10/5133.tif
513307	DEM10B	2016-10-01	jgd2000	base/dem10/5133.tif
513310	DEM10B	2016-10-01	jgd2000	base/dem10/5133.tif
513311	DEM10B	2016-10-01	jgd2000	base/dem10/5133.tif
513312	DEM10B	2016-10-01	jgd2000	base/dem10/5133.tif
513313	DEM10B	2020-04-09	jgd2011	base/dem10/5133-fill.tif
513314	DEM10B	2016-10-01	jgd2000	base/dem10/5133.tif
513315	DEM10B	2016-10-01	jgd2000	base/dem10/5133.tif
513316	DEM10B	2016-10-01	jgd2000	base/dem10/5133.tif
513317	DEM10B	2016-10-01	jgd2000	base/dem10/5133.tif
513320	DEM10B	2016-10-01	jgd2000	base/dem10/5133.tif
513321	DEM10B	2016-10-01	jgd2000	base/dem10/5133.tif
513322	DEM10B	2016-10-01	jgd2000	base/dem10/5133.tif
513324	DEM10B	2016-10-01	jgd2000	base/dem10/5133.tif
513325	DEM10B	2016-10-01	jgd2000	base/dem10/5133.tif
513326	DEM10B	2016-10-01	jgd2000	base/dem10/5133.tif
513327	DEM10B	2016-10-01	jgd2000	base/dem10/5133.tif
513330	DEM10B	2016-10-01	jgd2000	base/dem10/5133.tif
513331	DEM10B	2016-10-01	jgd2000	base/dem10/5133.tif
513332	DEM10B	2016-10-01	jgd2000	base/dem10/5133.tif
513333	DEM10B	2016-10-01	jgd2000	base/dem10/5133.tif
513334	DEM10B	2016-10-01	jgd2000	base/dem10/5133.tif
513335	DEM10B	2016-10-01	jgd2000	base/dem10/5133.tif
513336	DEM10B	2016-10-01	jgd2000	base/dem10/5133.tif
513337	DEM10B	2016-10-01	jgd2000	base/dem10/5133.tif
513340	DEM10B	2016-10-01	jgd2000	base/dem10/5133.tif
513341	DEM10B	2016-10-01	jgd2000	base/dem10/5133.tif
513342	DEM10B	2016-10-01	jgd2000	base/dem10/5133.tif
513343	DEM10B	2016-10-01	jgd2000	base/dem10/5133.tif
513344	DEM10B	2016-10-01	jgd2000	base/dem10/5133.tif
513345	DEM10B	2016-10-01	jgd2000	base/dem10/5133.tif
513346	DEM10B	2016-10-01	jgd2000	base/dem10/5133.tif
513347	DEM10B	2016-10-01	jgd2000	base/dem10/5133.tif
513350	DEM10B	2016-10-01	jgd2000	base/dem10/5133.tif
513351	DEM10B	2016-10-01	jgd2000	base/dem10/5133.tif
513352	DEM10B	2016-10-01	jgd2000	base/dem10/5133.tif
513353	DEM10B	2016-10-01	jgd2000	base/dem10/5133.tif
513354	DEM10B	2016-10-01	jgd2000	base/dem10/5133.tif
513355	DEM10B	2016-10-01	jgd2000	base/dem10/5133.tif
513356	DEM10B	2016-10-01	jgd2000	base/dem10/5133.tif
513357	DEM10B	2016-10-01	jgd2000	base/dem10/5133.tif
513360	DEM10B	2016-10-01	jgd2000	base/dem10/5133.tif
513361	DEM10B	2016-10-01	jgd2000	base/dem10/5133.tif
513362	DEM10B	2016-10-01	jgd2000	base/dem10/5133.tif
513363	DEM10B	2016-10-01	jgd2000	base/dem10/5133.tif
513364	DEM10B	2016-10-01	jgd2000	base/dem10/5133.tif
513365	DEM10B	2016-10-01	jgd2000	base/dem10/5133.tif
513366	DEM10B	2016-10-01	jgd2000	base/dem10/5133.tif
513367	DEM10B	2016-10-01	jgd2000	base/dem10/5133.tif
513370	DEM10B	2016-10-01	jgd2000	base/dem10/5133.tif
513371	DEM10B	2016-10-01	jgd2000	base/dem10/5133.tif
513372	DEM10B	2016-10-01	jgd2000	base/dem10/5133.tif
513373	DEM10B	2016-10-01	jgd2000	base/dem10/5133.tif
513374	DEM10B	2016-10-01	jgd2000	base/dem10/5133.tif
513375	DEM10B	2016-10-01	jgd2000	base/dem10/5133.tif
513376	DEM10B	2016-10-01	jgd2000	base/dem10/5133.tif
513377	DEM10B	2016-10-01	jgd2000	base/dem10/5133.tif
513400	DEM10B	2016-10-01	jgd2000	base/dem10/5134.tif
513401	DEM10B	2016-10-01	jgd2000	base/dem10/5134.tif
513402	DEM10B	2016-10-01	jgd2000	base/dem10/5134.tif
513403	DEM10B	2016-10-01	jgd2000	base/dem10/5134.tif
513404	DEM10B	2016-10-01	jgd2000	base/dem10/5134.tif
513405	DEM10B	2016-10-01	jgd2000	base/dem10/5134.tif
513410	DEM10B	2016-10-01	jgd2000	base/dem10/5134.tif
513411	DEM10B	2016-10-01	jgd2000	base/dem10/5134.tif
513412	DEM10B	2016-10-01	jgd2000	base/dem10/5134.tif
513413	DEM10B	2016-10-01	jgd2000	base/dem10/5134.tif
513414	DEM10B	2016-10-01	jgd2000	base/dem10/5134.tif
513415	DEM10B	2016-10-01	jgd2000	base/dem10/5134.tif
513416	DEM10B	2016-10-01	jgd2000	base/dem10/5134.tif
513420	DEM10B	2016-10-01	jgd2000	base/dem10/5134.tif
513421	DEM10B	2016-10-01	jgd2000	base/dem10/5134.tif
513422	DEM10B	2016-10-01	jgd2000	base/dem10/5134.tif
513423	DEM10B	2016-10-01	jgd2000	base/dem10/5134.tif
513424	DEM10B	2016-10-01	jgd2000	base/dem10/5134.tif
513425	DEM10B	2016-10-01	jgd2000	base/dem10/5134.tif
513426	DEM10B	2016-10-01	jgd2000	base/dem10/5134.tif
513427	DEM10B	2016-10-01	jgd2000	base/dem10/5134.tif
513430	DEM10B	2016-10-01	jgd2000	base/dem10/5134.tif
513431	DEM10B	2016-10-01	jgd2000	base/dem10/5134.tif
513432	DEM10B	2016-10-01	jgd2000	base/dem10/5134.tif
513433	DEM10B	2016-10-01	jgd2000	base/dem10/5134.tif
513434	DEM10B	2016-10-01	jgd2000	base/dem10/5134.tif
513435	DEM10B	2016-10-01	jgd2000	base/dem10/5134.tif
513436	DEM10B	2016-10-01	jgd2000	base/dem10/5134.tif
513437	DEM10B	2016-10-01	jgd2000	base/dem10/5134.tif
513440	DEM10B	2016-10-01	jgd2000	base/dem10/5134.tif
513441	DEM10B	2016-10-01	jgd2000	base/dem10/5134.tif
513442	DEM10B	2016-10-01	jgd2000	base/dem10/5134.tif
513445	DEM10B	2016-10-01	jgd2000	base/dem10/5134.tif
513446	DEM10B	2016-10-01	jgd2000	base/dem10/5134.tif
513447	DEM10B	2016-10-01	jgd2000	base/dem10/5134.tif
513450	DEM10B	2016-10-01	jgd2000	base/dem10/5134.tif
513451	DEM10B	2016-10-01	jgd2000	base/dem10/5134.tif
513452	DEM10B	2016-10-01	jgd2000	base/dem10/5134.tif
513453	DEM10B	2016-10-01	jgd2000	base/dem10/5134.tif
513456	DEM10B	2016-10-01	jgd2000	base/dem10/5134.tif
513457	DEM10B	2016-10-01	jgd2000	base/dem10/5134.tif
513460	DEM10B	2016-10-01	jgd2000	base/dem10/5134.tif
513461	DEM10B	2016-10-01	jgd2000	base/dem10/5134.tif
513462	DEM10B	2016-10-01	jgd2000	base/dem10/5134.tif
513463	DEM10B	2016-10-01	jgd2000	base/dem10/5134.tif
513466	DEM10B	2016-10-01	jgd2000	base/dem10/5134.tif
513467	DEM10B	2016-10-01	jgd2000	base/dem10/5134.tif
513470	DEM10B	2016-10-01	jgd2000	base/dem10/5134.tif
513471	DEM10B	2016-10-01	jgd2000	base/dem10/5134.tif
513473	DEM10B	2016-10-01	jgd2000	base/dem10/5134.tif
513474	DEM10B	2016-10-01	jgd2000	base/dem10/5134.tif
513477	DEM10B	2016-10-01	jgd2000	base/dem10/5134.tif
513500	DEM10B	2016-10-01	jgd2000	base/dem10/5135.tif
513501	DEM10B	2016-10-01	jgd2000	base/dem10/5135.tif
513502	DEM10B	2016-10-01	jgd2000	base/dem10/5135.tif
513503	DEM10B	2016-10-01	jgd2000	base/dem10/5135.tif
513504	DEM10B	2016-10-01	jgd2000	base/dem10/5135.tif
513505	DEM10B	2016-10-01	jgd2000	base/dem10/5135.tif
513506	DEM10B	2016-10-01	jgd2000	base/dem10/5135.tif
513507	DEM10B	2016-10-01	jgd2000	base/dem10/5135.tif
513510	DEM10B	2016-10-01	jgd2000	base/dem10/5135.tif
513511	DEM10B	2016-10-01	jgd2000	base/dem10/5135.tif
513512	DEM10B	2016-10-01	jgd2000	base/dem10/5135.tif
513513	DEM10B	2016-10-01	jgd2000	base/dem10/5135.tif
513514	DEM10B	2016-10-01	jgd2000	base/dem10/5135.tif
513515	DEM10B	2016-10-01	jgd2000	base/dem10/5135.tif
513516	DEM10B	2016-10-01	jgd2000	base/dem10/5135.tif
513517	DEM10B	2016-10-01	jgd2000	base/dem10/5135.tif
513520	DEM10B	2016-10-01	jgd2000	base/dem10/5135.tif
513521	DEM10B	2016-10-01	jgd2000	base/dem10/5135.tif
513522	DEM10B	2016-10-01	jgd2000	base/dem10/5135.tif
513523	DEM10B	2016-10-01	jgd2000	base/dem10/5135.tif
513524	DEM10B	2016-10-01	jgd2000	base/dem10/5135.tif
513525	DEM10B	2016-10-01	jgd2000	base/dem10/5135.tif
513526	DEM10B	2016-10-01	jgd2000	base/dem10/5135.tif
513527	DEM10B	2016-10-01	jgd2000	base/dem10/5135.tif
513530	DEM10B	2016-10-01	jgd2000	base/dem10/5135.tif
513531	DEM10B	2016-10-01	jgd2000	base/dem10/5135.tif
513532	DEM10B	2016-10-01	jgd2000	base/dem10/5135.tif
513533	DEM10B	2016-10-01	jgd2000	base/dem10/5135.tif
513534	DEM10B	2016-10-01	jgd2000	base/dem10/5135.tif
513535	DEM10B	2016-10-01	jgd2000	base/dem10/5135.tif
513536	DEM10B	2016-10-01	jgd2000	base/dem10/5135.tif
513537	DEM10B	2016-10-01	jgd2000	base/dem10/5135.tif
513541	DEM10B	2016-10-01	jgd2000	base/dem10/5135.tif
513542	DEM10B	2016-10-01	jgd2000	base/dem10/5135.tif
513543	DEM10B	2016-10-01	jgd2000	base/dem10/5135.tif
513544	DEM10B	2016-10-01	jgd2000	base/dem10/5135.tif
513545	DEM10B	2016-10-01	jgd2000	base/dem10/5135.tif
513546	DEM10B	2016-10-01	jgd2000	base/dem10/5135.tif
513547	DEM10B	2016-10-01	jgd2000	base/dem10/5135.tif
513551	DEM10B	2016-10-01	jgd2000	base/dem10/5135.tif
513552	DEM10B	2016-10-01	jgd2000	base/dem10/5135.tif
513553	DEM10B	2016-10-01	jgd2000	base/dem10/5135.tif
513554	DEM10B	2016-10-01	jgd2000	base/dem10/5135.tif
513555	DEM10B	2016-10-01	jgd2000	base/dem10/5135.tif
513556	DEM10B	2016-10-01	jgd2000	base/dem10/5135.tif
513557	DEM10B	2016-10-01	jgd2000	base/dem10/5135.tif
513560	DEM10B	2016-10-01	jgd2000	base/dem10/5135.tif
513562	DEM10B	2016-10-01	jgd2000	base/dem10/5135.tif
513563	DEM10B	2016-10-01	jgd2000	base/dem10/5135.tif
513564	DEM10B	2016-10-01	jgd2000	base/dem10/5135.tif
513565	DEM10B	2016-10-01	jgd2000	base/dem10/5135.tif
513566	DEM10B	2016-10-01	jgd2000	base/dem10/5135.tif
513567	DEM10B	2016-10-01	jgd2000	base/dem10/5135.tif
513570	DEM10B	2016-10-01	jgd2000	base/dem10/5135.tif
513571	DEM10B	2016-10-01	jgd2000	base/dem10/5135.tif
513572	DEM10B	2016-10-01	jgd2000	base/dem10/5135.tif
513573	DEM10B	2016-10-01	jgd2000	base/dem10/5135.tif
513574	DEM10B	2016-10-01	jgd2000	base/dem10/5135.tif
513575	DEM10B	2016-10-01	jgd2000	base/dem10/5135.tif
513576	DEM10B	2016-10-01	jgd2000	base/dem10/5135.tif
513577	DEM10B	2016-10-01	jgd2000	base/dem10/5135.tif
513600	DEM10B	2016-10-01	jgd2000	base/dem10/5136.tif
513601	DEM10B	2016-10-01	jgd2000	base/dem10/5136.tif
513602	DEM10B	2016-10-01	jgd2000	base/dem10/5136.tif
513610	DEM10B	2016-10-01	jgd2000	base/dem10/5136.tif
513611	DEM10B	2016-10-01	jgd2000	base/dem10/5136.tif
513612	DEM10B	2016-10-01	jgd2000	base/dem10/5136.tif
513620	DEM10B	2016-10-01	jgd2000	base/dem10/5136.tif
513621	DEM10B	2016-10-01	jgd2000	base/dem10/5136.tif
513622	DEM10B	2016-10-01	jgd2000	base/dem10/5136.tif
513623	DEM10B	2016-10-01	jgd2000	base/dem10/5136.tif
513624	DEM10B	2016-10-01	jgd2000	base/dem10/5136.tif
513626	DEM10B	2016-10-01	jgd2000	base/dem10/5136.tif
513630	DEM10B	2016-10-01	jgd2000	base/dem10/5136.tif
513631	DEM10B	2016-10-01	jgd2000	base/dem10/5136.tif
513632	DEM10B	2016-10-01	jgd2000	base/dem10/5136.tif
513633	DEM10B	2016-10-01	jgd2000	base/dem10/5136.tif
513634	DEM10B	2016-10-01	jgd2000	base/dem10/5136.tif
513635	DEM10B	2016-10-01	jgd2000	base/dem10/5136.tif
513636	DEM10B	2016-10-01	jgd2000	base/dem10/5136.tif
513637	DEM10B	2016-10-01	jgd2000	base/dem10/5136.tif
513640	DEM10B	2016-10-01	jgd2000	base/dem10/5136.tif
513641	DEM10B	2016-10-01	jgd2000	base/dem10/5136.tif
513642	DEM10B	2016-10-01	jgd2000	base/dem10/5136.tif
513643	DEM10B	2016-10-01	jgd2000	base/dem10/5136.tif
513644	DEM10B	2016-10-01	jgd2000	base/dem10/5136.tif
513645	DEM10B	2016-10-01	jgd2000	base/dem10/5136.tif
513646	DEM10B	2016-10-01	jgd2000	base/dem10/5136.tif
513647	DEM10B	2016-10-01	jgd2000	base/dem10/5136.tif
513650	DEM10B	2016-10-01	jgd2000	base/dem10/5136.tif
513651	DEM10B	2016-10-01	jgd2000	base/dem10/5136.tif
513652	DEM10B	2016-10-01	jgd2000	base/dem10/5136.tif
513653	DEM10B	2016-10-01	jgd2000	base/dem10/5136.tif
513654	DEM10B	2016-10-01	jgd2000	base/dem10/5136.tif
513655	DEM10B	2016-10-01	jgd2000	base/dem10/5136.tif
513656	DEM10B	2016-10-01	jgd2000	base/dem10/5136.tif
513657	DEM10B	2016-10-01	jgd2000	base/dem10/5136.tif
513660	DEM10B	2016-10-01	jgd2000	base/dem10/5136.tif
513661	DEM10B	2016-10-01	jgd2000	base/dem10/5136.tif
513662	DEM10B	2016-10-01	jgd2000	base/dem10/5136.tif
513663	DEM10B	2016-10-01	jgd2000	base/dem10/5136.tif
513664	DEM10B	2016-10-01	jgd2000	base/dem10/5136.tif
513665	DEM10B	2016-10-01	jgd2000	base/dem10/5136.tif
513666	DEM10B	2016-10-01	jgd2000	base/dem10/5136.tif
513667	DEM10B	2016-10-01	jgd2000	base/dem10/5136.tif
513670	DEM10B	2016-10-01	jgd2000	base/dem10/5136.tif
513671	DEM10B	2016-10-01	jgd2000	base/dem10/5136.tif
513672	DEM10B	2016-10-01	jgd2000	base/dem10/5136.tif
513673	DEM10B	2016-10-01	jgd2000	base/dem10/5136.tif
513674	DEM10B	2016-10-01	jgd2000	base/dem10/5136.tif
513675	DEM10B	2016-10-01	jgd2000	base/dem10/5136.tif
513677	DEM10B	2016-10-01	jgd2000	base/dem10/5136.tif
513760	DEM10B	2016-10-01	jgd2000	base/dem10/5137.tif
513770	DEM10B	2016-10-01	jgd2000	base/dem10/5137.tif
513771	DEM10B	2016-10-01	jgd2000	base/dem10/5137.tif
513772	DEM10B	2016-10-01	jgd2000	base/dem10/5137.tif
513773	DEM10B	2016-10-01	jgd2000	base/dem10/5137.tif
513775	DEM10B	2016-10-01	jgd2000	base/dem10/5137.tif
513776	DEM10B	2016-10-01	jgd2000	base/dem10/5137.tif
513777	DEM10B	2016-10-01	jgd2000	base/dem10/5137.tif
513867	DEM10B	2016-10-01	jgd2000	base/dem10/5138.tif
513870	DEM10B	2016-10-01	jgd2000	base/dem10/5138.tif
513871	DEM10B	2016-10-01	jgd2000	base/dem10/5138.tif
513876	DEM10B	2016-10-01	jgd2000	base/dem10/5138.tif
513877	DEM10B	2016-10-01	jgd2000	base/dem10/5138.tif
513903	DEM10A	2016-10-01	jgd2000	base/dem10/5139.tif
513903	DEM10B	2016-10-01	jgd2000	base/dem10/5139.tif
513904	DEM10A	2016-10-01	jgd2000	base/dem10/5139.tif
513904	DEM10B	2016-10-01	jgd2000	base/dem10/5139.tif
513913	DEM10A	2016-10-01	jgd2000	base/dem10/5139.tif
513913	DEM10B	2016-10-01	jgd2000	base/dem10/5139.tif
513914	DEM10A	2016-10-01	jgd2000	base/dem10/5139.tif
513914	DEM10B	2016-10-01	jgd2000	base/dem10/5139.tif
513920	DEM10B	2016-10-01	jgd2000	base/dem10/5139.tif
513921	DEM10B	2016-10-01	jgd2000	base/dem10/5139.tif
513931	DEM10B	2016-10-01	jgd2000	base/dem10/5139.tif
513932	DEM10B	2016-10-01	jgd2000	base/dem10/5139.tif
513941	DEM10B	2016-10-01	jgd2000	base/dem10/5139.tif
513942	DEM10B	2016-10-01	jgd2000	base/dem10/5139.tif
513952	DEM10B	2016-10-01	jgd2000	base/dem10/5139.tif
513962	DEM10B	2016-10-01	jgd2000	base/dem10/5139.tif
522903	DEM10B	2016-10-01	jgd2011	base/dem10/5229.tif
522904	DEM10B	2016-10-01	jgd2011	base/dem10/5229.tif
523104	DEM10B	2016-10-01	jgd2000	base/dem10/5231.tif
523105	DEM10B	2016-10-01	jgd2000	base/dem10/5231.tif
523106	DEM10B	2016-10-01	jgd2000	base/dem10/5231.tif
523107	DEM10B	2016-10-01	jgd2000	base/dem10/5231.tif
523111	DEM10B	2016-10-01	jgd2000	base/dem10/5231.tif
523116	DEM10B	2016-10-01	jgd2000	base/dem10/5231.tif
523117	DEM10B	2016-10-01	jgd2000	base/dem10/5231.tif
523126	DEM10B	2016-10-01	jgd2000	base/dem10/5231.tif
523127	DEM10B	2016-10-01	jgd2000	base/dem10/5231.tif
523200	DEM10B	2016-10-01	jgd2000	base/dem10/5232.tif
523201	DEM10B	2016-10-01	jgd2000	base/dem10/5232.tif
523202	DEM10B	2016-10-01	jgd2000	base/dem10/5232.tif
523203	DEM10B	2016-10-01	jgd2000	base/dem10/5232.tif
523204	DEM10B	2016-10-01	jgd2000	base/dem10/5232.tif
523205	DEM10B	2016-10-01	jgd2000	base/dem10/5232.tif
523206	DEM10B	2016-10-01	jgd2000	base/dem10/5232.tif
523207	DEM10B	2016-10-01	jgd2000	base/dem10/5232.tif
523210	DEM10B	2016-10-01	jgd2000	base/dem10/5232.tif
523211	DEM10B	2016-10-01	jgd2000	base/dem10/5232.tif
523212	DEM10B	2016-10-01	jgd2000	base/dem10/5232.tif
523213	DEM10B	2016-10-01	jgd2000	base/dem10/5232.tif
523214	DEM10B	2016-10-01	jgd2000	base/dem10/5232.tif
523215	DEM10B	2016-10-01	jgd2000	base/dem10/5232.tif
523216	DEM10B	2016-10-01	jgd2000	base/dem10/5232.tif
523217	DEM10B	2016-10-01	jgd2000	base/dem10/5232.tif
523220	DEM10B	2016-10-01	jgd2000	base/dem10/5232.tif
523221	DEM10B	2016-10-01	jgd2000	base/dem10/5232.tif
523222	DEM10B	2016-10-01	jgd2000	base/dem10/5232.tif
523223	DEM10B	2016-10-01	jgd2000	base/dem10/5232.tif
523224	DEM10B	2016-10-01	jgd2000	base/dem10/5232.tif
523225	DEM10B	2016-10-01	jgd2000	base/dem10/5232.tif
523226	DEM10B	2016-10-01	jgd2000	base/dem10/5232.tif
523227	DEM10B	2016-10-01	jgd2000	base/dem10/5232.tif
523230	DEM10B	2016-10-01	jgd2000	base/dem10/5232.tif
523231	DEM10B	2016-10-01	jgd2000	base/dem10/5232.tif
523232	DEM10B	2016-10-01	jgd2000	base/dem10/5232.tif
523233	DEM10B	2016-10-01	jgd2000	base/dem10/5232.tif
523234	DEM10B	2016-10-01	jgd2000	base/dem10/5232.tif
523235	DEM10B	2016-10-01	jgd2000	base/dem10/5232.tif
523236	DEM10B	2016-10-01	jgd2000	base/dem10/5232.tif
523237	DEM10B	2016-10-01	jgd2000	base/dem10/5232.tif
523241	DEM10B	2016-10-01	jgd2000	base/dem10/5232.tif
523242	DEM10B	2016-10-01	jgd2000	base/dem10/5232.tif
523243	DEM10B	2016-10-01	jgd2000	base/dem10/5232.tif
523244	DEM10B	2016-10-01	jgd2000	base/dem10/5232.tif
523245	DEM10B	2016-10-01	jgd2000	base/dem10/5232.tif
523246	DEM10B	2016-10-01	jgd2000	base/dem10/5232.tif
523247	DEM10B	2016-10-01	jgd2000	base/dem10/5232.tif
523252	DEM10B	2016-10-01	jgd2000	base/dem10/5232.tif
523253	DEM10B	2016-10-01	jgd2000	base/dem10/5232.tif
523254	DEM10B	2016-10-01	jgd2000	base/dem10/5232.tif
523255	DEM10B	2016-10-01	jgd2000	base/dem10/5232.tif
523256	DEM10B	2016-10-01	jgd2000	base/dem10/5232.tif
523257	DEM10B	2016-10-01	jgd2000	base/dem10/5232.tif
523263	DEM10B	2016-10-01	jgd2000	base/dem10/5232.tif
523264	DEM10B	2016-10-01	jgd2000	base/dem10/5232.tif
523265	DEM10B	2016-10-01	jgd2000	base/dem10/5232.tif
523266	DEM10B	2016-10-01	jgd2000	base/dem10/5232.tif
523267	DEM10B	2016-10-01	jgd2000	base/dem10/5232.tif
523274	DEM10B	2016-10-01	jgd2000	base/dem10/5232.tif
523275	DEM10B	2016-10-01	jgd2000	base/dem10/5232.tif
523276	DEM10B	2016-10-01	jgd2000	base/dem10/5232.tif
523277	DEM10B	2016-10-01	jgd2000	base/dem10/5232.tif
523300	DEM10B	2016-10-01	jgd2000	base/dem10/5233.tif
523301	DEM10B	2016-10-01	jgd2000	base/dem10/5233.tif
523302	DEM10B	2016-10-01	jgd2000	base/dem10/5233.tif
523303	DEM10B	2016-10-01	jgd2000	base/dem10/5233.tif
523304	DEM10B	2016-10-01	jgd2000	base/dem10/5233.tif
523305	DEM10B	2016-10-01	jgd2000	base/dem10/5233.tif
523306	DEM10B	2016-10-01	jgd2000	base/dem10/5233.tif
523307	DEM10B	2016-10-01	jgd2000	base/dem10/5233.tif
523310	DEM10B	2016-10-01	jgd2000	base/dem10/5233.tif
523311	DEM10B	2016-10-01	jgd2000	base/dem10/5233.tif
523312	DEM10B	2016-10-01	jgd2000	base/dem10/5233.tif
523313	DEM10B	2016-10-01	jgd2000	base/dem10/5233.tif
523314	DEM10B	2016-10-01	jgd2000	base/dem10/5233.tif
523315	DEM10B	2016-10-01	jgd2000	base/dem10/5233.tif
523316	DEM10B	2016-10-01	jgd2000	base/dem10/5233.tif
523317	DEM10B	2016-10-01	jgd2000	base/dem10/5233.tif
523320	DEM10B	2016-10-01	jgd2000	base/dem10/5233.tif
523321	DEM10B	2016-10-01	jgd2000	base/dem10/5233.tif
523322	DEM10B	2016-10-01	jgd2000	base/dem10/5233.tif
523323	DEM10B	2016-10-01	jgd2000	base/dem10/5233.tif
523324	DEM10B	2016-10-01	jgd2000	base/dem10/5233.tif
523325	DEM10B	2016-10-01	jgd2000	base/dem10/5233.tif
523326	DEM10B	2016-10-01	jgd2000	base/dem10/5233.tif
523327	DEM10B	2016-10-01	jgd2000	base/dem10/5233.tif
523330	DEM10B	2016-10-01	jgd2000	base/dem10/5233.tif
523331	DEM10B	2016-10-01	jgd2000	base/dem10/5233.tif
523332	DEM10B	2016-10-01	jgd2000	base/dem10/5233.tif
523333	DEM10B	2016-10-01	jgd2000	base/dem10/5233.tif
523334	DEM10B	2016-10-01	jgd2000	base/dem10/5233.tif
523335	DEM10B	2016-10-01	jgd2000	base/dem10/5233.tif
523336	DEM10B	2016-10-01	jgd2000	base/dem10/5233.tif
523337	DEM10B	2016-10-01	jgd2000	base/dem10/5233.tif
523340	DEM10B	2016-10-01	jgd2000	base/dem10/5233.tif
523341	DEM10B	2016-10-01	jgd2000	base/dem10/5233.tif
523342	DEM10B	2016-10-01	jgd2000	base/dem10/5233.tif
523343	DEM10B	2016-10-01	jgd2000	base/dem10/5233.tif
523344	DEM10B	2016-10-01	jgd2000	base/dem10/5233.tif
523345	DEM10B	2016-10-01	jgd2000	base/dem10/5233.tif
523346	DEM10B	2016-10-01	jgd2000	base/dem10/5233.tif
523347	DEM10B	2016-10-01	jgd2000	base/dem10/5233.tif
523350	DEM10B	2016-10-01	jgd2000	base/dem10/5233.tif
523351	DEM10B	2016-10-01	jgd2000	base/dem10/5233.tif
523352	DEM10B	2016-10-01	jgd2000	base/dem10/5233.tif
523353	DEM10B	2016-10-01	jgd2000	base/dem10/5233.tif
523354	DEM10B	2016-10-01	jgd2000	base/dem10/5233.tif
523355	DEM10B	2016-10-01	jgd2000	base/dem10/5233.tif
523356	DEM10B	2016-10-01	jgd2000	base/dem10/5233.tif
523357	DEM10B	2016-10-01	jgd2000	base/dem10/5233.tif
523360	DEM10B	2016-10-01	jgd2000	base/dem10/5233.tif
523361	DEM10B	2016-10-01	jgd2000	base/dem10/5233.tif
523362	DEM10B	2016-10-01	jgd2000	base/dem10/5233.tif
523363	DEM10B	2016-10-01	jgd2000	base/dem10/5233.tif
523364	DEM10B	2016-10-01	jgd2000	base/dem10/5233.tif
523365	DEM10B	2016-10-01	jgd2000	base/dem10/5233.tif
523366	DEM10B	2016-10-01	jgd2000	base/dem10/5233.tif
523367	DEM10B	2016-10-01	jgd2000	base/dem10/5233.tif
523370	DEM10B	2016-10-01	jgd2000	base/dem10/5233.tif
523371	DEM10B	2016-10-01	jgd2000	base/dem10/5233.tif
523372	DEM10B	2016-10-01	jgd2000	base/dem10/5233.tif
523373	DEM10B	2016-10-01	jgd2000	base/dem10/5233.tif
523374	DEM10B	2016-10-01	jgd2000	base/dem10/5233.tif
523375	DEM10B	2016-10-01	jgd2000	base/dem10/5233.tif
523376	DEM10B	2016-10-01	jgd2000	base/dem10/5233.tif
523377	DEM10B	2016-10-01	jgd2000	base/dem10/5233.tif
523400	DEM10B	2016-10-01	jgd2000	base/dem10/5234.tif
523401	DEM10B	2016-10-01	jgd2000	base/dem10/5234.tif
523402	DEM10B	2016-10-01	jgd2000	base/dem10/5234.tif
523403	DEM10B	2016-10-01	jgd2000	base/dem10/5234.tif
523404	DEM10B	2016-10-01	jgd2000	base/dem10/5234.tif
523405	DEM10B	2016-10-01	jgd2000	base/dem10/5234.tif
523406	DEM10B	2016-10-01	jgd2000	base/dem10/5234.tif
523407	DEM10B	2016-10-01	jgd2000	base/dem10/5234.tif
523410	DEM10B	2016-10-01	jgd2000	base/dem10/5234.tif
523411	DEM10B	2016-10-01	jgd2000	base/dem10/5234.tif
523412	DEM10B	2016-10-01	jgd2000	base/dem10/5234.tif
523413	DEM10B	2016-10-01	jgd2000	base/dem10/5234.tif
523414	DEM10B	2016-10-01	jgd2000	base/dem10/5234.tif
523415	DEM10B	2016-10-01	jgd2000	base/dem10/5234.tif
523416	DEM10B	2016-10-01	jgd2000	base/dem10/5234.tif
523417	DEM10B	2016-10-01	jgd2000	base/dem10/5234.tif
523420	DEM10B	2016-10-01	jgd2000	base/dem10/5234.tif
523421	DEM10B	2016-10-01	jgd2000	base/dem10/5234.tif
523422	DEM10B	2016-10-01	jgd2000	base/dem10/5234.tif
523423	DEM10B	2016-10-01	jgd2000	base/dem10/5234.tif
523424	DEM10B	2016-10-01	jgd2000	base/dem10/5234.tif
523425	DEM10B	2016-10-01	jgd2000	base/dem10/5234.tif
523426	DEM10B	2016-10-01	jgd2000	base/dem10/5234.tif
523427	DEM10B	2016-10-01	jgd2000	base/dem10/5234.tif
523430	DEM10B	2016-10-01	jgd2000	base/dem10/5234.tif
523431	DEM10B	2016-10-01	jgd2000	base/dem10/5234.tif
523432	DEM10B	2016-10-01	jgd2000	base/dem10/5234.tif
523433	DEM10B	2016-10-01	jgd2000	base/dem10/5234.tif
523434	DEM10B	2016-10-01	jgd2000	base/dem10/5234.tif
523435	DEM10B	2016-10-01	jgd2000	base/dem10/5234.tif
523436	DEM10B	2016-10-01	jgd2000	base/dem10/5234.tif
523437	DEM10B	2016-10-01	jgd2000	base/dem10/5234.tif
523440	DEM10B	2016-10-01	jgd2000	base/dem10/5234.tif
523441	DEM10B	2016-10-01	jgd2000	base/dem10/5234.tif
523442	DEM10B	2016-10-01	jgd2000	base/dem10/5234.tif
523443	DEM10B	2016-10-01	jgd2000	base/dem10/5234.tif
523444	DEM10B	2016-10-01	jgd2000	base/dem10/5234.tif
523445	DEM10B	2016-10-01	jgd2000	base/dem10/5234.tif
523446	DEM10B	2016-10-01	jgd2000	base/dem10/5234.tif
523447	DEM10B	2016-10-01	jgd2000	base/dem10/5234.tif
523450	DEM10B	2016-10-01	jgd2000	base/dem10/5234.tif
523451	DEM10B	2016-10-01	jgd2000	base/dem10/5234.tif
523452	DEM10B	2016-10-01	jgd2000	base/dem10/5234.tif
523453	DEM10B	2016-10-01	jgd2000	base/dem10/5234.tif
523454	DEM10B	2016-10-01	jgd2000	base/dem10/5234.tif
523455	DEM10B	2016-10-01	jgd2000	base/dem10/5234.tif
523456	DEM10B	2016-10-01	jgd2000	base/dem10/5234.tif
523457	DEM10B	2016-10-01	jgd2000	base/dem10/5234.tif
523460	DEM10B	2016-10-01	jgd2000	base/dem10/5234.tif
523461	DEM10B	2016-10-01	jgd2000	base/dem10/5234.tif
523462	DEM10B	2016-10-01	jgd2000	base/dem10/5234.tif
523463	DEM10B	2016-10-01	jgd2000	base/dem10/5234.tif
523464	DEM10B	2016-10-01	jgd2000	base/dem10/5234.tif
523465	DEM10B	2016-10-01	jgd2000	base/dem10/5234.tif
523466	DEM10B	2016-10-01	jgd2000	base/dem10/5234.tif
523467	DEM10B	2016-10-01	jgd2000	base/dem10/5234.tif
523470	DEM10B	2016-10-01	jgd2000	base/dem10/5234.tif
523471	DEM10B	2016-10-01	jgd2000	base/dem10/5234.tif
523472	DEM10B	2016-10-01	jgd2000	base/dem10/5234.tif
523473	DEM10B	2016-10-01	jgd2000	base/dem10/5234.tif
523474	DEM10B	2016-10-01	jgd2000	base/dem10/5234.tif
523475	DEM10B	2016-10-01	jgd2000	base/dem10/5234.tif
523476	DEM10B	2016-10-01	jgd2000	base/dem10/5234.tif
523477	DEM10B	2016-10-01	jgd2000	base/dem10/5234.tif
523500	DEM10B	2016-10-01	jgd2000	base/dem10/5235.tif
523501	DEM10B	2016-10-01	jgd2000	base/dem10/5235.tif
523502	DEM10B	2016-10-01	jgd2000	base/dem10/5235.tif
523503	DEM10B	2016-10-01	jgd2000	base/dem10/5235.tif
523504	DEM10B	2016-10-01	jgd2000	base/dem10/5235.tif
523505	DEM10B	2016-10-01	jgd2000	base/dem10/5235.tif
523506	DEM10B	2016-10-01	jgd2000	base/dem10/5235.tif
523507	DEM10B	2016-10-01	jgd2000	base/dem10/5235.tif
523510	DEM10B	2016-10-01	jgd2000	base/dem10/5235.tif
523511	DEM10B	2016-10-01	jgd2000	base/dem10/5235.tif
523512	DEM10B	2016-10-01	jgd2000	base/dem10/5235.tif
523513	DEM10B	2016-10-01	jgd2000	base/dem10/5235.tif
523514	DEM10B	2016-10-01	jgd2000	base/dem10/5235.tif
523515	DEM10B	2016-10-01	jgd2000	base/dem10/5235.tif
523516	DEM10B	2016-10-01	jgd2000	base/dem10/5235.tif
523517	DEM10B	2016-10-01	jgd2000	base/dem10/5235.tif
523520	DEM10B	2016-10-01	jgd2000	base/dem10/5235.tif
523521	DEM10B	2016-10-01	jgd2000	base/dem10/5235.tif
523522	DEM10B	2016-10-01	jgd2000	base/dem10/5235.tif
523523	DEM10B	2016-10-01	jgd2000	base/dem10/5235.tif
523524	DEM10B	2016-10-01	jgd2000	base/dem10/5235.tif
523525	DEM10B	2016-10-01	jgd2000	base/dem10/5235.tif
523526	DEM10B	2016-10-01	jgd2000	base/dem10/5235.tif
523527	DEM10B	2016-10-01	jgd2000	base/dem10/5235.tif
523530	DEM10B	2016-10-01	jgd2000	base/dem10/5235.tif
523531	DEM10B	2016-10-01	jgd2000	base/dem10/5235.tif
523532	DEM10B	2016-10-01	jgd2000	base/dem10/5235.tif
523533	DEM10B	2016-10-01	jgd2000	base/dem10/5235.tif
523534	DEM10B	2016-10-01	jgd2000	base/dem10/5235.tif
523535	DEM10B	2016-10-01	jgd2000	base/dem10/5235.tif
523536	DEM10B	2016-10-01	jgd2000	base/dem10/5235.tif
523537	DEM10B	2016-10-01	jgd2000	base/dem10/5235.tif
523540	DEM10B	2016-10-01	jgd2000	base/dem10/5235.tif
523541	DEM10B	2016-10-01	jgd2000	base/dem10/5235.tif
523542	DEM10B	2016-10-01	jgd2000	base/dem10/5235.tif
523543	DEM10B	2016-10-01	jgd2000	base/dem10/5235.tif
523544	DEM10B	2016-10-01	jgd2000	base/dem10/5235.tif
523545	DEM10B	2016-10-01	jgd2000	base/dem10/5235.tif
523546	DEM10B	2016-10-01	jgd2000	base/dem10/5235.tif
523547	DEM10B	2016-10-01	jgd2000	base/dem10/5235.tif
523550	DEM10B	2016-10-01	jgd2000	base/dem10/5235.tif
523551	DEM10B	2016-10-01	jgd2000	base/dem10/5235.tif
523552	DEM10B	2016-10-01	jgd2000	base/dem10/5235.tif
523553	DEM10B	2016-10-01	jgd2000	base/dem10/5235.tif
523554	DEM10B	2016-10-01	jgd2000	base/dem10/5235.tif
523555	DEM10B	2016-10-01	jgd2000	base/dem10/5235.tif
523556	DEM10B	2016-10-01	jgd2000	base/dem10/5235.tif
523557	DEM10B	2016-10-01	jgd2000	base/dem10/5235.tif
523560	DEM10B	2016-10-01	jgd2000	base/dem10/5235.tif
523561	DEM10B	2016-10-01	jgd2000	base/dem10/5235.tif
523562	DEM10B	2016-10-01	jgd2000	base/dem10/5235.tif
523563	DEM10B	2016-10-01	jgd2000	base/dem10/5235.tif
523564	DEM10B	2016-10-01	jgd2000	base/dem10/5235.tif
523565	DEM10B	2016-10-01	jgd2000	base/dem10/5235.tif
523566	DEM10B	2016-10-01	jgd2000	base/dem10/5235.tif
523567	DEM10B	2016-10-01	jgd2000	base/dem10/5235.tif
523570	DEM10B	2016-10-01	jgd2000	base/dem10/5235.tif
523571	DEM10B	2016-10-01	jgd2000	base/dem10/5235.tif
523572	DEM10B	2016-10-01	jgd2000	base/dem10/5235.tif
523573	DEM10B	2016-10-01	jgd2000	base/dem10/5235.tif
523574	DEM10B	2016-10-01	jgd2000	base/dem10/5235.tif
523575	DEM10B	2016-10-01	jgd2000	base/dem10/5235.tif
523576	DEM10B	2016-10-01	jgd2000	base/dem10/5235.tif
523577	DEM10B	2016-10-01	jgd2000	base/dem10/5235.tif
523600	DEM10B	2016-10-01	jgd2000	base/dem10/5236.tif
523601	DEM10B	2016-10-01	jgd2000	base/dem10/5236.tif
523602	DEM10B	2016-10-01	jgd2000	base/dem10/5236.tif
523603	DEM10B	2016-10-01	jgd2000	base/dem10/5236.tif
523604	DEM10B	2016-10-01	jgd2000	base/dem10/5236.tif
523606	DEM10B	2016-10-01	jgd2000	base/dem10/5236.tif
523607	DEM10B	2016-10-01	jgd2000	base/dem10/5236.tif
523610	DEM10B	2016-10-01	jgd2000	base/dem10/5236.tif
523611	DEM10B	2016-10-01	jgd2000	base/dem10/5236.tif
523612	DEM10B	2016-10-01	jgd2000	base/dem10/5236.tif
523613	DEM10B	2016-10-01	jgd2000	base/dem10/5236.tif
523614	DEM10B	2016-10-01	jgd2000	base/dem10/5236.tif
523616	DEM10B	2016-10-01	jgd2000	base/dem10/5236.tif
523617	DEM10B	2016-10-01	jgd2000	base/dem10/5236.tif
523620	DEM10B	2016-10-01	jgd2000	base/dem10/5236.tif
523621	DEM10B	2016-10-01	jgd2000	base/dem10/5236.tif
523622	DEM10B	2016-10-01	jgd2000	base/dem10/5236.tif
523623	DEM10B	2016-10-01	jgd2000	base/dem10/5236.tif
523624	DEM10B	2016-10-01	jgd2000	base/dem10/5236.tif
523625	DEM10B	2016-10-01	jgd2000	base/dem10/5236.tif
523626	DEM10B	2016-10-01	jgd2000	base/dem10/5236.tif
523627	DEM10B	2016-10-01	jgd2000	base/dem10/5236.tif
523630	DEM10B	2016-10-01	jgd2000	base/dem10/5236.tif
523631	DEM10B	2016-10-01	jgd2000	base/dem10/5236.tif
523632	DEM10B	2016-10-01	jgd2000	base/dem10/5236.tif
523633	DEM10B	2016-10-01	jgd2000	base/dem10/5236.tif
523634	DEM10B	2016-10-01	jgd2000	base/dem10/5236.tif
523635	DEM10B	2016-10-01	jgd2000	base/dem10/5236.tif
523636	DEM10B	2016-10-01	jgd2000	base/dem10/5236.tif
523637	DEM10B	2016-10-01	jgd2000	base/dem10/5236.tif
523640	DEM10B	2016-10-01	jgd2000	base/dem10/5236.tif
523641	DEM10B	2016-10-01	jgd2000	base/dem10/5236.tif
523642	DEM10B	2016-10-01	jgd2000	base/dem10/5236.tif
523643	DEM10B	2016-10-01	jgd2000	base/dem10/5236.tif
523644	DEM10B	2016-10-01	jgd2000	base/dem10/5236.tif
523645	DEM10B	2016-10-01	jgd2000	base/dem10/5236.tif
523646	DEM10B	2016-10-01	jgd2000	base/dem10/5236.tif
523647	DEM10B	2016-10-01	jgd2000	base/dem10/5236.tif
523650	DEM10B	2016-10-01	jgd2000	base/dem10/5236.tif
523651	DEM10B	2016-10-01	jgd2000	base/dem10/5236.tif
523652	DEM10B	2016-10-01	jgd2000	base/dem10/5236.tif
523653	DEM10B	2016-10-01	jgd2000	base/dem10/5236.tif
523654	DEM10B	2016-10-01	jgd2000	base/dem10/5236.tif
523655	DEM10B	2016-10-01	jgd2000	base/dem10/5236.tif
523656	DEM10B	2016-10-01	jgd2000	base/dem10/5236.tif
523657	DEM10B	2016-10-01	jgd2000	base/dem10/5236.tif
523660	DEM10B	2016-10-01	jgd2000	base/dem10/5236.tif
523661	DEM10B	2016-10-01	jgd2000	base/dem10/5236.tif
523662	DEM10B	2016-10-01	jgd2000	base/dem10/5236.tif
523663	DEM10B	2016-10-01	jgd2000	base/dem10/5236.tif
523664	DEM10B	2016-10-01	jgd2000	base/dem10/5236.tif
523665	DEM10B	2016-10-01	jgd2000	base/dem10/5236.tif
523666	DEM10B	2016-10-01	jgd2000	base/dem10/5236.tif
523667	DEM10B	2016-10-01	jgd2000	base/dem10/5236.tif
523670	DEM10B	2016-10-01	jgd2000	base/dem10/5236.tif
523671	DEM10B	2016-10-01	jgd2000	base/dem10/5236.tif
523672	DEM10B	2016-10-01	jgd2000	base/dem10/5236.tif
523673	DEM10B	2016-10-01	jgd2000	base/dem10/5236.tif
523674	DEM10B	2016-10-01	jgd2000	base/dem10/5236.tif
523675	DEM10B	2016-10-01	jgd2000	base/dem10/5236.tif
523676	DEM10B	2016-10-01	jgd2000	base/dem10/5236.tif
523677	DEM10B	2016-10-01	jgd2000	base/dem10/5236.tif
523700	DEM10B	2016-10-01	jgd2000	base/dem10/5237.tif
523701	DEM10B	2016-10-01	jgd2000	base/dem10/5237.tif
523702	DEM10B	2016-10-01	jgd2000	base/dem10/5237.tif
523703	DEM10B	2016-10-01	jgd2000	base/dem10/5237.tif
523704	DEM10B	2016-10-01	jgd2000	base/dem10/5237.tif
523705	DEM10B	2016-10-01	jgd2000	base/dem10/5237.tif
523706	DEM10B	2016-10-01	jgd2000	base/dem10/5237.tif
523707	DEM10B	2016-10-01	jgd2000	base/dem10/5237.tif
523710	DEM10B	2016-10-01	jgd2000	base/dem10/5237.tif
523711	DEM10B	2016-10-01	jgd2000	base/dem10/5237.tif
523712	DEM10B	2016-10-01	jgd2000	base/dem10/5237.tif
523713	DEM10B	2016-10-01	jgd2000	base/dem10/5237.tif
523714	DEM10B	2016-10-01	jgd2000	base/dem10/5237.tif
523715	DEM10B	2016-10-01	jgd2000	base/dem10/5237.tif
523716	DEM10B	2016-10-01	jgd2000	base/dem10/5237.tif
523717	DEM10B	2016-10-01	jgd2000	base/dem10/5237.tif
523720	DEM10B	2016-10-01	jgd2000	base/dem10/5237.tif
523721	DEM10B	2016-10-01	jgd2000	base/dem10/5237.tif
523722	DEM10B	2016-10-01	jgd2000	base/dem10/5237.tif
523723	DEM10B	2016-10-01	jgd2000	base/dem10/5237.tif
523724	DEM10B	2016-10-01	jgd2000	base/dem10/5237.tif
523725	DEM10B	2016-10-01	jgd2000	base/dem10/5237.tif
523726	DEM10B	2016-10-01	jgd2000	base/dem10/5237.tif
523727	DEM10B	2016-10-01	jgd2000	base/dem10/5237.tif
523730	DEM10B	2016-10-01	jgd2000	base/dem10/5237.tif
523731	DEM10B	2016-10-01	jgd2000	base/dem10/5237.tif
523732	DEM10B	2016-10-01	jgd2000	base/dem10/5237.tif
523733	DEM10B	2016-10-01	jgd2000	base/dem10/5237.tif
523734	DEM10B	2016-10-01	jgd2000	base/dem10/5237.tif
523735	DEM10B	2016-10-01	jgd2000	base/dem10/5237.tif
523736	DEM10B	2016-10-01	jgd2000	base/dem10/5237.tif
523737	DEM10B	2016-10-01	jgd2000	base/dem10/5237.tif
523740	DEM10B	2016-10-01	jgd2000	base/dem10/5237.tif
523741	DEM10B	2016-10-01	jgd2000	base/dem10/5237.tif
523742	DEM10B	2016-10-01	jgd2000	base/dem10/5237.tif
523743	DEM10B	2016-10-01	jgd2000	base/dem10/5237.tif
523744	DEM10B	2016-10-01	jgd2000	base/dem10/5237.tif
523745	DEM10B	2016-10-01	jgd2000	base/dem10/5237.tif
523746	DEM10B	2016-10-01	jgd2000	base/dem10/5237.tif
523747	DEM10B	2016-10-01	jgd2000	base/dem10/5237.tif
523750	DEM10B	2016-10-01	jgd2000	base/dem10/5237.tif
523751	DEM10B	2016-10-01	jgd2000	base/dem10/5237.tif
523752	DEM10B	2016-10-01	jgd2000	base/dem10/5237.tif
523753	DEM10B	2016-10-01	jgd2000	base/dem10/5237.tif
523754	DEM10B	2016-10-01	jgd2000	base/dem10/5237.tif
523755	DEM10B	2016-10-01	jgd2000	base/dem10/5237.tif
523756	DEM10B	2016-10-01	jgd2000	base/dem10/5237.tif
523757	DEM10B	2016-10-01	jgd2000	base/dem10/5237.tif
523760	DEM10B	2016-10-01	jgd2000	base/dem10/5237.tif
523761	DEM10B	2016-10-01	jgd2000	base/dem10/5237.tif
523762	DEM10B	2016-10-01	jgd2000	base/dem10/5237.tif
523763	DEM10B	2016-10-01	jgd2000	base/dem10/5237.tif
523764	DEM10B	2016-10-01	jgd2000	base/dem10/5237.tif
523765	DEM10B	2016-10-01	jgd2000	base/dem10/5237.tif
523766	DEM10B	2016-10-01	jgd2000	base/dem10/5237.tif
523767	DEM10B	2016-10-01	jgd2000	base/dem10/5237.tif
523770	DEM10B	2016-10-01	jgd2000	base/dem10/5237.tif
523771	DEM10B	2016-10-01	jgd2000	base/dem10/5237.tif
523772	DEM10B	2016-10-01	jgd2000	base/dem10/5237.tif
523773	DEM10B	2016-10-01	jgd2000	base/dem10/5237.tif
523774	DEM10B	2016-10-01	jgd2000	base/dem10/5237.tif
523775	DEM10B	2016-10-01	jgd2000	base/dem10/5237.tif
523776	DEM10B	2016-10-01	jgd2000	base/dem10/5237.tif
523777	DEM10B	2016-10-01	jgd2000	base/dem10/5237.tif
523800	DEM10B	2016-10-01	jgd2000	base/dem10/5238.tif
523801	DEM10B	2016-10-01	jgd2000	base/dem10/5238.tif
523802	DEM10B	2016-10-01	jgd2000	base/dem10/5238.tif
523805	DEM10B	2016-10-01	jgd2000	base/dem10/5238.tif
523806	DEM10B	2016-10-01	jgd2000	base/dem10/5238.tif
523807	DEM10B	2016-10-01	jgd2000	base/dem10/5238.tif
523810	DEM10B	2016-10-01	jgd2000	base/dem10/5238.tif
523811	DEM10B	2016-10-01	jgd2000	base/dem10/5238.tif
523812	DEM10B	2016-10-01	jgd2000	base/dem10/5238.tif
523815	DEM10B	2016-10-01	jgd2000	base/dem10/5238.tif
523816	DEM10B	2016-10-01	jgd2000	base/dem10/5238.tif
523817	DEM10B	2016-10-01	jgd2000	base/dem10/5238.tif
523820	DEM10B	2016-10-01	jgd2000	base/dem10/5238.tif
523821	DEM10B	2016-10-01	jgd2000	base/dem10/5238.tif
523822	DEM10B	2016-10-01	jgd2000	base/dem10/5238.tif
523826	DEM10B	2016-10-01	jgd2000	base/dem10/5238.tif
523827	DEM10B	2016-10-01	jgd2000	base/dem10/5238.tif
523830	DEM10B	2016-10-01	jgd2000	base/dem10/5238.tif
523831	DEM10B	2016-10-01	jgd2000	base/dem10/5238.tif
523832	DEM10B	2016-10-01	jgd2000	base/dem10/5238.tif
523833	DEM10B	2016-10-01	jgd2000	base/dem10/5238.tif
523834	DEM10B	2016-10-01	jgd2000	base/dem10/5238.tif
523836	DEM10B	2016-10-01	jgd2000	base/dem10/5238.tif
523837	DEM10B	2016-10-01	jgd2000	base/dem10/5238.tif
523840	DEM10B	2016-10-01	jgd2000	base/dem10/5238.tif
523841	DEM10B	2016-10-01	jgd2000	base/dem10/5238.tif
523842	DEM10B	2016-10-01	jgd2000	base/dem10/5238.tif
523843	DEM10B	2016-10-01	jgd2000	base/dem10/5238.tif
523844	DEM10B	2016-10-01	jgd2000	base/dem10/5238.tif
523846	DEM10B	2016-10-01	jgd2000	base/dem10/5238.tif
523847	DEM10B	2016-10-01	jgd2000	base/dem10/5238.tif
523850	DEM10B	2016-10-01	jgd2000	base/dem10/5238.tif
523851	DEM10B	2016-10-01	jgd2000	base/dem10/5238.tif
523852	DEM10B	2016-10-01	jgd2000	base/dem10/5238.tif
523853	DEM10B	2016-10-01	jgd2000	base/dem10/5238.tif
523854	DEM10A	2016-10-01	jgd2000	base/dem10/5238.tif
523854	DEM10B	2016-10-01	jgd2000	base/dem10/5238.tif
523855	DEM10A	2016-10-01	jgd2000	base/dem10/5238.tif
523855	DEM10B	2016-10-01	jgd2000	base/dem10/5238.tif
523856	DEM10A	2016-10-01	jgd2000	base/dem10/5238.tif
523856	DEM10B	2016-10-01	jgd2000	base/dem10/5238.tif
523857	DEM10B	2016-10-01	jgd2000	base/dem10/5238.tif
523860	DEM10B	2016-10-01	jgd2000	base/dem10/5238.tif
523861	DEM10B	2016-10-01	jgd2000	base/dem10/5238.tif
523862	DEM10B	2016-10-01	jgd2000	base/dem10/5238.tif
523863	DEM10B	2016-10-01	jgd2000	base/dem10/5238.tif
523864	DEM10A	2016-10-01	jgd2000	base/dem10/5238.tif
523864	DEM10B	2016-10-01	jgd2000	base/dem10/5238.tif
523865	DEM10A	2016-10-01	jgd2000	base/dem10/5238.tif
523865	DEM10B	2016-10-01	jgd2000	base/dem10/5238.tif
523866	DEM10A	2016-10-01	jgd2000	base/dem10/5238.tif
523866	DEM10B	2016-10-01	jgd2000	base/dem10/5238.tif
523867	DEM10A	2016-10-01	jgd2000	base/dem10/5238.tif
523867	DEM10B	2016-10-01	jgd2000	base/dem10/5238.tif
523870	DEM10B	2016-10-01	jgd2000	base/dem10/5238.tif
523871	DEM10B	2016-10-01	jgd2000	base/dem10/5238.tif
523872	DEM10B	2016-10-01	jgd2000	base/dem10/5238.tif
523873	DEM10B	2016-10-01	jgd2000	base/dem10/5238.tif
523874	DEM10A	2016-10-01	jgd2000	base/dem10/5238.tif
523874	DEM10B	2016-10-01	jgd2000	base/dem10/5238.tif
523875	DEM10A	2016-10-01	jgd2000	base/dem10/5238.tif
523875	DEM10B	2016-10-01	jgd2000	base/dem10/5238.tif
523876	DEM10A	2016-10-01	jgd2000	base/dem10/5238.tif
523876	DEM10B	2016-10-01	jgd2000	base/dem10/5238.tif
523877	DEM10A	2016-10-01	jgd2000	base/dem10/5238.tif
523877	DEM10B	2016-10-01	jgd2000	base/dem10/5238.tif
523900	DEM10B	2016-10-01	jgd2000	base/dem10/5239.tif
523902	DEM10A	2016-10-01	jgd2000	base/dem10/5239.tif
523902	DEM10B	2016-10-01	jgd2000	base/dem10/5239.tif
523903	DEM10A	2016-10-01	jgd2000	base/dem10/5239.tif
523903	DEM10B	2016-10-01	jgd2000	base/dem10/5239.tif
523910	DEM10B	2016-10-01	jgd2000	base/dem10/5239.tif
523912	DEM10A	2016-10-01	jgd2000	base/dem10/5239.tif
523912	DEM10B	2016-10-01	jgd2000	base/dem10/5239.tif
523913	DEM10A	2016-10-01	jgd2000	base/dem10/5239.tif
523913	DEM10B	2016-10-01	jgd2000	base/dem10/5239.tif
523920	DEM10A	2016-10-01	jgd2000	base/dem10/5239.tif
523920	DEM10B	2016-10-01	jgd2000	base/dem10/5239.tif
523921	DEM10A	2016-10-01	jgd2000	base/dem10/5239.tif
523921	DEM10B	2016-10-01	jgd2000	base/dem10/5239.tif
523926	DEM10B	2016-10-01	jgd2000	base/dem10/5239.tif
523927	DEM10B	2016-10-01	jgd2000	base/dem10/5239.tif
523930	DEM10A	2016-10-01	jgd2000	base/dem10/5239.tif
523930	DEM10B	2016-10-01	jgd2000	base/dem10/5239.tif
523931	DEM10A	2016-10-01	jgd2000	base/dem10/5239.tif
523931	DEM10B	2016-10-01	jgd2000	base/dem10/5239.tif
523936	DEM10B	2016-10-01	jgd2000	base/dem10/5239.tif
523937	DEM10B	2016-10-01	jgd2000	base/dem10/5239.tif
523940	DEM10B	2016-10-01	jgd2000	base/dem10/5239.tif
523941	DEM10B	2016-10-01	jgd2000	base/dem10/5239.tif
523946	DEM10B	2016-10-01	jgd2000	base/dem10/5239.tif
523947	DEM10B	2016-10-01	jgd2000	base/dem10/5239.tif
523950	DEM10B	2016-10-01	jgd2000	base/dem10/5239.tif
523951	DEM10B	2016-10-01	jgd2000	base/dem10/5239.tif
523954	DEM10B	2016-10-01	jgd2000	base/dem10/5239.tif
523955	DEM10B	2016-10-01	jgd2000	base/dem10/5239.tif
523956	DEM10B	2016-10-01	jgd2000	base/dem10/5239.tif
523957	DEM10B	2016-10-01	jgd2000	base/dem10/5239.tif
523960	DEM10B	2016-10-01	jgd2000	base/dem10/5239.tif
523961	DEM10B	2016-10-01	jgd2000	base/dem10/5239.tif
523964	DEM10B	2016-10-01	jgd2000	base/dem10/5239.tif
523965	DEM10B	2016-10-01	jgd2000	base/dem10/5239.tif
523966	DEM10B	2016-10-01	jgd2000	base/dem10/5239.tif
523967	DEM10B	2016-10-01	jgd2000	base/dem10/5239.tif
523970	DEM10B	2016-10-01	jgd2000	base/dem10/5239.tif
523971	DEM10B	2016-10-01	jgd2000	base/dem10/5239.tif
523972	DEM10B	2016-10-01	jgd2000	base/dem10/5239.tif
523973	DEM10B	2016-10-01	jgd2000	base/dem10/5239.tif
523974	DEM10B	2016-10-01	jgd2000	base/dem10/5239.tif
523975	DEM10B	2016-10-01	jgd2000	base/dem10/5239.tif
523976	DEM10B	2016-10-01	jgd2000	base/dem10/5239.tif
523977	DEM10B	2016-10-01	jgd2000	base/dem10/5239.tif
524040	DEM10B	2016-10-01	jgd2000	base/dem10/5240.tif
524050	DEM10B	2016-10-01	jgd2000	base/dem10/5240.tif
524051	DEM10B	2016-10-01	jgd2000	base/dem10/5240.tif
524052	DEM10B	2016-10-01	jgd2000	base/dem10/5240.tif
524060	DEM10B	2016-10-01	jgd2000	base/dem10/5240.tif
524061	DEM10B	2016-10-01	jgd2000	base/dem10/5240.tif
524062	DEM10B	2016-10-01	jgd2000	base/dem10/5240.tif
524063	DEM10B	2016-10-01	jgd2000	base/dem10/5240.tif
524070	DEM10B	2016-10-01	jgd2000	base/dem10/5240.tif
524071	DEM10B	2016-10-01	jgd2000	base/dem10/5240.tif
524072	DEM10B	2016-10-01	jgd2000	base/dem10/5240.tif
524073	DEM10B	2016-10-01	jgd2000	base/dem10/5240.tif
533205	DEM10B	2016-10-01	jgd2000	base/dem10/5332.tif
533206	DEM10B	2016-10-01	jgd2000	base/dem10/5332.tif
533207	DEM10B	2016-10-01	jgd2000	base/dem10/5332.tif
533214	DEM10B	2016-10-01	jgd2000	base/dem10/5332.tif
533215	DEM10B	2016-10-01	jgd2000	base/dem10/5332.tif
533216	DEM10B	2016-10-01	jgd2000	base/dem10/5332.tif
533217	DEM10B	2016-10-01	jgd2000	base/dem10/5332.tif
533226	DEM10B	2016-10-01	jgd2000	base/dem10/5332.tif
533227	DEM10B	2016-10-01	jgd2000	base/dem10/5332.tif
533300	DEM10B	2016-10-01	jgd2000	base/dem10/5333.tif
533301	DEM10B	2016-10-01	jgd2000	base/dem10/5333.tif
533302	DEM10B	2016-10-01	jgd2000	base/dem10/5333.tif
533303	DEM10B	2016-10-01	jgd2000	base/dem10/5333.tif
533304	DEM10B	2016-10-01	jgd2000	base/dem10/5333.tif
533305	DEM10B	2016-10-01	jgd2000	base/dem10/5333.tif
533306	DEM10B	2016-10-01	jgd2000	base/dem10/5333.tif
533307	DEM10B	2016-10-01	jgd2000	base/dem10/5333.tif
533310	DEM10B	2016-10-01	jgd2000	base/dem10/5333.tif
533311	DEM10B	2016-10-01	jgd2000	base/dem10/5333.tif
533312	DEM10B	2016-10-01	jgd2000	base/dem10/5333.tif
533313	DEM10B	2016-10-01	jgd2000	base/dem10/5333.tif
533314	DEM10B	2016-10-01	jgd2000	base/dem10/5333.tif
533315	DEM10B	2016-10-01	jgd2000	base/dem10/5333.tif
533316	DEM10B	2016-10-01	jgd2000	base/dem10/5333.tif
533317	DEM10B	2016-10-01	jgd2000	base/dem10/5333.tif
533320	DEM10B	2016-10-01	jgd2000	base/dem10/5333.tif
533321	DEM10B	2016-10-01	jgd2000	base/dem10/5333.tif
533322	DEM10B	2016-10-01	jgd2000	base/dem10/5333.tif
533323	DEM10B	2016-10-01	jgd2000	base/dem10/5333.tif
533324	DEM10B	2016-10-01	jgd2000	base/dem10/5333.tif
533325	DEM10B	2016-10-01	jgd2000	base/dem10/5333.tif
533326	DEM10B	2016-10-01	jgd2000	base/dem10/5333.tif
533327	DEM10B	2016-10-01	jgd2000	base/dem10/5333.tif
533330	DEM10B	2016-10-01	jgd2000	base/dem10/5333.tif
533331	DEM10B	2016-10-01	jgd2000	base/dem10/5333.tif
533332	DEM10B	2016-10-01	jgd2000	base/dem10/5333.tif
533370	DEM10B	2016-10-01	jgd2000	base/dem10/5333.tif
533400	DEM10B	2016-10-01	jgd2000	base/dem10/5334.tif
533401	DEM10B	2016-10-01	jgd2000	base/dem10/5334.tif
533402	DEM10B	2016-10-01	jgd2000	base/dem10/5334.tif
533403	DEM10B	2016-10-01	jgd2000	base/dem10/5334.tif
533404	DEM10B	2016-10-01	jgd2000	base/dem10/5334.tif
533405	DEM10B	2016-10-01	jgd2000	base/dem10/5334.tif
533406	DEM10B	2016-10-01	jgd2000	base/dem10/5334.tif
533407	DEM10B	2016-10-01	jgd2000	base/dem10/5334.tif
533410	DEM10B	2016-10-01	jgd2000	base/dem10/5334.tif
533411	DEM10B	2016-10-01	jgd2000	base/dem10/5334.tif
533412	DEM10B	2016-10-01	jgd2000	base/dem10/5334.tif
533413	DEM10B	2016-10-01	jgd2000	base/dem10/5334.tif
533414	DEM10B	2016-10-01	jgd2000	base/dem10/5334.tif
533415	DEM10B	2016-10-01	jgd2000	base/dem10/5334.tif
533416	DEM10B	2016-10-01	jgd2000	base/dem10/5334.tif
533417	DEM10B	2016-10-01	jgd2000	base/dem10/5334.tif
533420	DEM10B	2016-10-01	jgd2000	base/dem10/5334.tif
533421	DEM10B	2016-10-01	jgd2000	base/dem10/5334.tif
533422	DEM10B	2016-10-01	jgd2000	base/dem10/5334.tif
533423	DEM10B	2016-10-01	jgd2000	base/dem10/5334.tif
533424	DEM10B	2016-10-01	jgd2000	base/dem10/5334.tif
533425	DEM10B	2016-10-01	jgd2000	base/dem10/5334.tif
533426	DEM10B	2016-10-01	jgd2000	base/dem10/5334.tif
533427	DEM10B	2016-10-01	jgd2000	base/dem10/5334.tif
533432	DEM10B	2016-10-01	jgd2000	base/dem10/5334.tif
533433	DEM10B	2016-10-01	jgd2000	base/dem10/5334.tif
533434	DEM10B	2016-10-01	jgd2000	base/dem10/5334.tif
533435	DEM10B	2016-10-01	jgd2000	base/dem10/5334.tif
533436	DEM10B	2016-10-01	jgd2000	base/dem10/5334.tif
533437	DEM10B	2016-10-01	jgd2000	base/dem10/5334.tif
533444	DEM10B	2016-10-01	jgd2000	base/dem10/5334.tif
533445	DEM10B	2016-10-01	jgd2000	base/dem10/5334.tif
533446	DEM10B	2016-10-01	jgd2000	base/dem10/5334.tif
533447	DEM10B	2016-10-01	jgd2000	base/dem10/5334.tif
533500	DEM10B	2016-10-01	jgd2000	base/dem10/5335.tif
533501	DEM10B	2016-10-01	jgd2000	base/dem10/5335.tif
533502	DEM10B	2016-10-01	jgd2000	base/dem10/5335.tif
533503	DEM10B	2016-10-01	jgd2000	base/dem10/5335.tif
533504	DEM10B	2016-10-01	jgd2000	base/dem10/5335.tif
533505	DEM10B	2016-10-01	jgd2000	base/dem10/5335.tif
533506	DEM10B	2016-10-01	jgd2000	base/dem10/5335.tif
533507	DEM10B	2016-10-01	jgd2000	base/dem10/5335.tif
533510	DEM10B	2016-10-01	jgd2000	base/dem10/5335.tif
533511	DEM10B	2016-10-01	jgd2000	base/dem10/5335.tif
533512	DEM10B	2016-10-01	jgd2000	base/dem10/5335.tif
533513	DEM10B	2016-10-01	jgd2000	base/dem10/5335.tif
533514	DEM10B	2016-10-01	jgd2000	base/dem10/5335.tif
533515	DEM10B	2016-10-01	jgd2000	base/dem10/5335.tif
533516	DEM10B	2016-10-01	jgd2000	base/dem10/5335.tif
533517	DEM10B	2016-10-01	jgd2000	base/dem10/5335.tif
533520	DEM10B	2016-10-01	jgd2000	base/dem10/5335.tif
533521	DEM10B	2016-10-01	jgd2000	base/dem10/5335.tif
533522	DEM10B	2016-10-01	jgd2000	base/dem10/5335.tif
533523	DEM10B	2016-10-01	jgd2000	base/dem10/5335.tif
533524	DEM10B	2016-10-01	jgd2000	base/dem10/5335.tif
533525	DEM10B	2016-10-01	jgd2000	base/dem10/5335.tif
533526	DEM10B	2016-10-01	jgd2000	base/dem10/5335.tif
533527	DEM10B	2016-10-01	jgd2000	base/dem10/5335.tif
533530	DEM10B	2016-10-01	jgd2000	base/dem10/5335.tif
533531	DEM10B	2016-10-01	jgd2000	base/dem10/5335.tif
533532	DEM10B	2016-10-01	jgd2000	base/dem10/5335.tif
533533	DEM10B	2016-10-01	jgd2000	base/dem10/5335.tif
533536	DEM10B	2016-10-01	jgd2000	base/dem10/5335.tif
533537	DEM10B	2016-10-01	jgd2000	base/dem10/5335.tif
533540	DEM10B	2016-10-01	jgd2000	base/dem10/5335.tif
533541	DEM10B	2016-10-01	jgd2000	base/dem10/5335.tif
533542	DEM10B	2016-10-01	jgd2000	base/dem10/5335.tif
533543	DEM10B	2016-10-01	jgd2000	base/dem10/5335.tif
533547	DEM10B	2016-10-01	jgd2000	base/dem10/5335.tif
533551	DEM10B	2016-10-01	jgd2000	base/dem10/5335.tif
533552	DEM10B	2016-10-01	jgd2000	base/dem10/5335.tif
533557	DEM10B	2016-10-01	jgd2000	base/dem10/5335.tif
533567	DEM10B	2016-10-01	jgd2000	base/dem10/5335.tif
533577	DEM10B	2016-10-01	jgd2000	base/dem10/5335.tif
533600	DEM10B	2016-10-01	jgd2000	base/dem10/5336.tif
533601	DEM10B	2016-10-01	jgd2000	base/dem10/5336.tif
533602	DEM10B	2016-10-01	jgd2000	base/dem10/5336.tif
533603	DEM10B	2016-10-01	jgd2000	base/dem10/5336.tif
533604	DEM10B	2016-10-01	jgd2000	base/dem10/5336.tif
533605	DEM10B	2016-10-01	jgd2000	base/dem10/5336.tif
533606	DEM10B	2016-10-01	jgd2000	base/dem10/5336.tif
533607	DEM10B	2016-10-01	jgd2000	base/dem10/5336.tif
533610	DEM10B	2016-10-01	jgd2000	base/dem10/5336.tif
533611	DEM10B	2016-10-01	jgd2000	base/dem10/5336.tif
533612	DEM10B	2016-10-01	jgd2000	base/dem10/5336.tif
533613	DEM10B	2016-10-01	jgd2000	base/dem10/5336.tif
533614	DEM10B	2016-10-01	jgd2000	base/dem10/5336.tif
533615	DEM10B	2016-10-01	jgd2000	base/dem10/5336.tif
533616	DEM10B	2016-10-01	jgd2000	base/dem10/5336.tif
533617	DEM10B	2016-10-01	jgd2000	base/dem10/5336.tif
533620	DEM10B	2016-10-01	jgd2000	base/dem10/5336.tif
533621	DEM10B	2016-10-01	jgd2000	base/dem10/5336.tif
533622	DEM10B	2016-10-01	jgd2000	base/dem10/5336.tif
533623	DEM10B	2016-10-01	jgd2000	base/dem10/5336.tif
533624	DEM10B	2016-10-01	jgd2000	base/dem10/5336.tif
533625	DEM10B	2016-10-01	jgd2000	base/dem10/5336.tif
533626	DEM10B	2016-10-01	jgd2000	base/dem10/5336.tif
533627	DEM10B	2016-10-01	jgd2000	base/dem10/5336.tif
533630	DEM10B	2016-10-01	jgd2000	base/dem10/5336.tif
533631	DEM10B	2016-10-01	jgd2000	base/dem10/5336.tif
533632	DEM10B	2016-10-01	jgd2000	base/dem10/5336.tif
533633	DEM10B	2016-10-01	jgd2000	base/dem10/5336.tif
533634	DEM10B	2016-10-01	jgd2000	base/dem10/5336.tif
533635	DEM10B	2016-10-01	jgd2000	base/dem10/5336.tif
533636	DEM10B	2016-10-01	jgd2000	base/dem10/5336.tif
533637	DEM10B	2016-10-01	jgd2000	base/dem10/5336.tif
533640	DEM10B	2016-10-01	jgd2000	base/dem10/5336.tif
533641	DEM10B	2016-10-01	jgd2000	base/dem10/5336.tif
533642	DEM10B	2016-10-01	jgd2000	base/dem10/5336.tif
533643	DEM10B	2016-10-01	jgd2000	base/dem10/5336.tif
533644	DEM10B	2016-10-01	jgd2000	base/dem10/5336.tif
533645	DEM10B	2016-10-01	jgd2000	base/dem10/5336.tif
533646	DEM10B	2016-10-01	jgd2000	base/dem10/5336.tif
533647	DEM10B	2016-10-01	jgd2000	base/dem10/5336.tif
533650	DEM10B	2016-10-01	jgd2000	base/dem10/5336.tif
533651	DEM10B	2016-10-01	jgd2000	base/dem10/5336.tif
533652	DEM10B	2016-10-01	jgd2000	base/dem10/5336.tif
533653	DEM10B	2016-10-01	jgd2000	base/dem10/5336.tif
533654	DEM10B	2016-10-01	jgd2000	base/dem10/5336.tif
533655	DEM10B	2016-10-01	jgd2000	base/dem10/5336.tif
533656	DEM10B	2016-10-01	jgd2000	base/dem10/5336.tif
533657	DEM10B	2016-10-01	jgd2000	base/dem10/5336.tif
533660	DEM10B	2016-10-01	jgd2000	base/dem10/5336.tif
533661	DEM10B	2016-10-01	jgd2000	base/dem10/5336.tif
533662	DEM10B	2016-10-01	jgd2000	base/dem10/5336.tif
533663	DEM10B	2016-10-01	jgd2000	base/dem10/5336.tif
533664	DEM10B	2016-10-01	jgd2000	base/dem10/5336.tif
533665	DEM10B	2016-10-01	jgd2000	base/dem10/5336.tif
533666	DEM10B	2016-10-01	jgd2000	base/dem10/5336.tif
533667	DEM10B	2016-10-01	jgd2000	base/dem10/5336.tif
533670	DEM10B	2016-10-01	jgd2000	base/dem10/5336.tif
533671	DEM10B	2016-10-01	jgd2000	base/dem10/5336.tif
533672	DEM10B	2016-10-01	jgd2000	base/dem10/5336.tif
533673	DEM10B	2016-10-01	jgd2000	base/dem10/5336.tif
533674	DEM10B	2016-10-01	jgd2000	base/dem10/5336.tif
533675	DEM10B	2016-10-01	jgd2000	base/dem10/5336.tif
533676	DEM10B	2016-10-01	jgd2000	base/dem10/5336.tif
533677	DEM10B	2016-10-01	jgd2000	base/dem10/5336.tif
533700	DEM10B	2016-10-01	jgd2000	base/dem10/5337.tif
533701	DEM10B	2016-10-01	jgd2000	base/dem10/5337.tif
533702	DEM10B	2016-10-01	jgd2000	base/dem10/5337.tif
533703	DEM10B	2016-10-01	jgd2000	base/dem10/5337.tif
533704	DEM10B	2016-10-01	jgd2000	base/dem10/5337.tif
533705	DEM10B	2016-10-01	jgd2000	base/dem10/5337.tif
533706	DEM10B	2016-10-01	jgd2000	base/dem10/5337.tif
533707	DEM10B	2016-10-01	jgd2000	base/dem10/5337.tif
533710	DEM10B	2016-10-01	jgd2000	base/dem10/5337.tif
533711	DEM10B	2016-10-01	jgd2000	base/dem10/5337.tif
533712	DEM10B	2016-10-01	jgd2000	base/dem10/5337.tif
533713	DEM10B	2016-10-01	jgd2000	base/dem10/5337.tif
533714	DEM10B	2016-10-01	jgd2000	base/dem10/5337.tif
533715	DEM10B	2016-10-01	jgd2000	base/dem10/5337.tif
533716	DEM10B	2016-10-01	jgd2000	base/dem10/5337.tif
533717	DEM10B	2016-10-01	jgd2000	base/dem10/5337.tif
533720	DEM10B	2016-10-01	jgd2000	base/dem10/5337.tif
533721	DEM10B	2016-10-01	jgd2000	base/dem10/5337.tif
533722	DEM10B	2016-10-01	jgd2000	base/dem10/5337.tif
533723	DEM10B	2016-10-01	jgd2000	base/dem10/5337.tif
533724	DEM10B	2016-10-01	jgd2000	base/dem10/5337.tif
533725	DEM10B	2016-10-01	jgd2000	base/dem10/5337.tif
533726	DEM10B	2016-10-01	jgd2000	base/dem10/5337.tif
533727	DEM10B	2016-10-01	jgd2000	base/dem10/5337.tif
533730	DEM10B	2016-10-01	jgd2000	base/dem10/5337.tif
533731	DEM10B	2016-10-01	jgd2000	base/dem10/5337.tif
533732	DEM10B	2016-10-01	jgd2000	base/dem10/5337.tif
533733	DEM10B	2016-10-01	jgd2000	base/dem10/5337.tif
533734	DEM10B	2016-10-01	jgd2000	base/dem10/5337.tif
533735	DEM10B	2016-10-01	jgd2000	base/dem10/5337.tif
533736	DEM10B	2016-10-01	jgd2000	base/dem10/5337.tif
533737	DEM10B	2016-10-01	jgd2000	base/dem10/5337.tif
533740	DEM10B	2016-10-01	jgd2000	base/dem10/5337.tif
533741	DEM10B	2016-10-01	jgd2000	base/dem10/5337.tif
533742	DEM10B	2016-10-01	jgd2000	base/dem10/5337.tif
533743	DEM10B	2016-10-01	jgd2000	base/dem10/5337.tif
533744	DEM10B	2016-10-01	jgd2000	base/dem10/5337.tif
533745	DEM10B	2016-10-01	jgd2000	base/dem10/5337.tif
533746	DEM10B	2016-10-01	jgd2000	base/dem10/5337.tif
533747	DEM10B	2016-10-01	jgd2000	base/dem10/5337.tif
533750	DEM10B	2016-10-01	jgd2000	base/dem10/5337.tif
533751	DEM10B	2016-10-01	jgd2000	base/dem10/5337.tif
533752	DEM10B	2016-10-01	jgd2000	base/dem10/5337.tif
533753	DEM10B	2016-10-01	jgd2000	base/dem10/5337.tif
533754	DEM10B	2016-10-01	jgd2000	base/dem10/5337.tif
533755	DEM10B	2016-10-01	jgd2000	base/dem10/5337.tif
533756	DEM10B	2016-10-01	jgd2000	base/dem10/5337.tif
533757	DEM10B	2016-10-01	jgd2000	base/dem10/5337.tif
533760	DEM10B	2016-10-01	jgd2000	base/dem10/5337.tif
533761	DEM10B	2016-10-01	jgd2000	base/dem10/5337.tif
533762	DEM10B	2016-10-01	jgd2000	base/dem10/5337.tif
533763	DEM10B	2016-10-01	jgd2000	base/dem10/5337.tif
533764	DEM10B	2016-10-01	jgd2000	base/dem10/5337.tif
533765	DEM10B	2016-10-01	jgd2000	base/dem10/5337.tif
533766	DEM10B	2016-10-01	jgd2000	base/dem10/5337.tif
533767	DEM10B	2016-10-01	jgd2000	base/dem10/5337.tif
533770	DEM10B	2016-10-01	jgd2000	base/dem10/5337.tif
533771	DEM10B	2016-10-01	jgd2000	base/dem10/5337.tif
533772	DEM10B	2016-10-01	jgd2000	base/dem10/5337.tif
533773	DEM10B	2016-10-01	jgd2000	base/dem10/5337.tif
533774	DEM10B	2016-10-01	jgd2000	base/dem10/5337.tif
533775	DEM10B	2016-10-01	jgd2000	base/dem10/5337.tif
533776	DEM10B	2016-10-01	jgd2000	base/dem10/5337.tif
533777	DEM10B	2016-10-01	jgd2000	base/dem10/5337.tif
533800	DEM10B	2016-10-01	jgd2000	base/dem10/5338.tif
533801	DEM10B	2016-10-01	jgd2000	base/dem10/5338.tif
533802	DEM10B	2016-10-01	jgd2000	base/dem10/5338.tif
533803	DEM10B	2016-10-01	jgd2000	base/dem10/5338.tif
533804	DEM10A	2016-10-01	jgd2000	base/dem10/5338.tif
533804	DEM10B	2016-10-01	jgd2000	base/dem10/5338.tif
533805	DEM10A	2016-10-01	jgd2000	base/dem10/5338.tif
533805	DEM10B	2016-10-01	jgd2000	base/dem10/5338.tif
533806	DEM10A	2016-10-01	jgd2000	base/dem10/5338.tif
533806	DEM10B	2016-10-01	jgd2000	base/dem10/5338.tif
533807	DEM10A	2016-10-01	jgd2000	base/dem10/5338.tif
533807	DEM10B	2016-10-01	jgd2000	base/dem10/5338.tif
533810	DEM10B	2016-10-01	jgd2000	base/dem10/5338.tif
533811	DEM10B	2016-10-01	jgd2000	base/dem10/5338.tif
533812	DEM10B	2016-10-01	jgd2000	base/dem10/5338.tif
533813	DEM10B	2016-10-01	jgd2000	base/dem10/5338.tif
533814	DEM10A	2016-10-01	jgd2000	base/dem10/5338.tif
533814	DEM10B	2016-10-01	jgd2000	base/dem10/5338.tif
533815	DEM10A	2016-10-01	jgd2000	base/dem10/5338.tif
533815	DEM10B	2016-10-01	jgd2000	base/dem10/5338.tif
533816	DEM10A	2016-10-01	jgd2000	base/dem10/5338.tif
533816	DEM10B	2016-10-01	jgd2000	base/dem10/5338.tif
533817	DEM10A	2016-10-01	jgd2000	base/dem10/5338.tif
533817	DEM10B	2016-10-01	jgd2000	base/dem10/5338.tif
533820	DEM10B	2016-10-01	jgd2000	base/dem10/5338.tif
533821	DEM10B	2016-10-01	jgd2000	base/dem10/5338.tif
533822	DEM10B	2016-10-01	jgd2000	base/dem10/5338.tif
533823	DEM10B	2016-10-01	jgd2000	base/dem10/5338.tif
533824	DEM10A	2016-10-01	jgd2000	base/dem10/5338.tif
533824	DEM10B	2016-10-01	jgd2000	base/dem10/5338.tif
533825	DEM10A	2016-10-01	jgd2000	base/dem10/5338.tif
533825	DEM10B	2016-10-01	jgd2000	base/dem10/5338.tif
533826	DEM10A	2016-10-01	jgd2000	base/dem10/5338.tif
533826	DEM10B	2016-10-01	jgd2000	base/dem10/5338.tif
533827	DEM10B	2016-10-01	jgd2000	base/dem10/5338.tif
533830	DEM10B	2016-10-01	jgd2000	base/dem10/5338.tif
533831	DEM10B	2016-10-01	jgd2000	base/dem10/5338.tif
533832	DEM10B	2016-10-01	jgd2000	base/dem10/5338.tif
533833	DEM10B	2016-10-01	jgd2000	base/dem10/5338.tif
533834	DEM10B	2016-10-01	jgd2000	base/dem10/5338.tif
533835	DEM10B	2016-10-01	jgd2000	base/dem10/5338.tif
533836	DEM10B	2016-10-01	jgd2000	base/dem10/5338.tif
533837	DEM10B	2016-10-01	jgd2000	base/dem10/5338.tif
533840	DEM10B	2016-10-01	jgd2000	base/dem10/5338.tif
533841	DEM10B	2016-10-01	jgd2000	base/dem10/5338.tif
533842	DEM10B	2016-10-01	jgd2000	base/dem10/5338.tif
533843	DEM10B	2016-10-01	jgd2000	base/dem10/5338.tif
533844	DEM10B	2016-10-01	jgd2000	base/dem10/5338.tif
533845	DEM10B	2016-10-01	jgd2000	base/dem10/5338.tif
533846	DEM10B	2016-10-01	jgd2000	base/dem10/5338.tif
533847	DEM10B	2016-10-01	jgd2000	base/dem10/5338.tif
533850	DEM10B	2016-10-01	jgd2000	base/dem10/5338.tif
533851	DEM10B	2016-10-01	jgd2000	base/dem10/5338.tif
533852	DEM10B	2016-10-01	jgd2000	base/dem10/5338.tif
533853	DEM10B	2016-10-01	jgd2000	base/dem10/5338.tif
533854	DEM10B	2016-10-01	jgd2000	base/dem10/5338.tif
533855	DEM10B	2016-10-01	jgd2000	base/dem10/5338.tif
533856	DEM10B	2016-10-01	jgd2000	base/dem10/5338.tif
533857	DEM10B	2016-10-01	jgd2000	base/dem10/5338.tif
533860	DEM10B	2016-10-01	jgd2000	base/dem10/5338.tif
533861	DEM10B	2016-10-01	jgd2000	base/dem10/5338.tif
533862	DEM10B	2016-10-01	jgd2000	base/dem10/5338.tif
533863	DEM10B	2016-10-01	jgd2000	base/dem10/5338.tif
533864	DEM10B	2016-10-01	jgd2000	base/dem10/5338.tif
533865	DEM10B	2016-10-01	jgd2000	base/dem10/5338.tif
533866	DEM10B	2016-10-01	jgd2000	base/dem10/5338.tif
533867	DEM10B	2016-10-01	jgd2000	base/dem10/5338.tif
533870	DEM10B	2016-10-01	jgd2000	base/dem10/5338.tif
533871	DEM10B	2016-10-01	jgd2000	base/dem10/5338.tif
533872	DEM10B	2016-10-01	jgd2000	base/dem10/5338.tif
533873	DEM10B	2016-10-01	jgd2000	base/dem10/5338.tif
533874	DEM10B	2016-10-01	jgd2000	base/dem10/5338.tif
533875	DEM10B	2016-10-01	jgd2000	base/dem10/5338.tif
533876	DEM10B	2016-10-01	jgd2000	base/dem10/5338.tif
533877	DEM10B	2016-10-01	jgd2000	base/dem10/5338.tif
533900	DEM10B	2016-10-01	jgd2000	base/dem10/5339.tif
533901	DEM10B	2016-10-01	jgd2000	base/dem10/5339.tif
533902	DEM10B	2016-10-01	jgd2000	base/dem10/5339.tif
533903	DEM10B	2016-10-01	jgd2000	base/dem10/5339.tif
533904	DEM10B	2016-10-01	jgd2000	base/dem10/5339.tif
533905	DEM10B	2016-10-01	jgd2000	base/dem10/5339.tif
533906	DEM10B	2016-10-01	jgd2000	base/dem10/5339.tif
533907	DEM10B	2016-10-01	jgd2000	base/dem10/5339.tif
533910	DEM10B	2016-10-01	jgd2000	base/dem10/5339.tif
533911	DEM10B	2016-10-01	jgd2000	base/dem10/5339.tif
533912	DEM10B	2016-10-01	jgd2000	base/dem10/5339.tif
533913	DEM10B	2016-10-01	jgd2000	base/dem10/5339.tif
533914	DEM10B	2016-10-01	jgd2000	base/dem10/5339.tif
533915	DEM10B	2016-10-01	jgd2000	base/dem10/5339.tif
533916	DEM10B	2016-10-01	jgd2000	base/dem10/5339.tif
533917	DEM10B	2016-10-01	jgd2000	base/dem10/5339.tif
533920	DEM10B	2016-10-01	jgd2000	base/dem10/5339.tif
533921	DEM10B	2016-10-01	jgd2000	base/dem10/5339.tif
533922	DEM10B	2016-10-01	jgd2000	base/dem10/5339.tif
533923	DEM10B	2016-10-01	jgd2000	base/dem10/5339.tif
533924	DEM10B	2016-10-01	jgd2000	base/dem10/5339.tif
533925	DEM10B	2016-10-01	jgd2000	base/dem10/5339.tif
533926	DEM10B	2016-10-01	jgd2000	base/dem10/5339.tif
533930	DEM10B	2016-10-01	jgd2000	base/dem10/5339.tif
533931	DEM10B	2016-10-01	jgd2000	base/dem10/5339.tif
533932	DEM10B	2016-10-01	jgd2000	base/dem10/5339.tif
533933	DEM10B	2016-10-01	jgd2000	base/dem10/5339.tif
533934	DEM10B	2016-10-01	jgd2000	base/dem10/5339.tif
533935	DEM10B	2016-10-01	jgd2000	base/dem10/5339.tif
533936	DEM10B	2016-10-01	jgd2000	base/dem10/5339.tif
533937	DEM10B	2016-10-01	jgd2000	base/dem10/5339.tif
533940	DEM10B	2016-10-01	jgd2000	base/dem10/5339.tif
533941	DEM10B	2016-10-01	jgd2000	base/dem10/5339.tif
533942	DEM10B	2016-10-01	jgd2000	base/dem10/5339.tif
533943	DEM10B	2016-10-01	jgd2000	base/dem10/5339.tif
533944	DEM10B	2016-10-01	jgd2000	base/dem10/5339.tif
533945	DEM10B	2016-10-01	jgd2000	base/dem10/5339.tif
533946	DEM10B	2016-10-01	jgd2000	base/dem10/5339.tif
533947	DEM10B	2016-10-01	jgd2000	base/dem10/5339.tif
533950	DEM10B	2016-10-01	jgd2000	base/dem10/5339.tif
533951	DEM10B	2016-10-01	jgd2000	base/dem10/5339.tif
533952	DEM10B	2016-11-25	jgd2000	base/dem10/5339.tif
533953	DEM10B	2016-10-01	jgd2000	base/dem10/5339.tif
533954	DEM10B	2016-10-01	jgd2000	base/dem10/5339.tif
533955	DEM10B	2016-10-01	jgd2000	base/dem10/5339.tif
533956	DEM10B	2016-10-01	jgd2000	base/dem10/5339.tif
533957	DEM10B	2016-10-01	jgd2000	base/dem10/5339.tif
533960	DEM10B	2016-10-01	jgd2000	base/dem10/5339.tif
533961	DEM10B	2016-10-01	jgd2000	base/dem10/5339.tif
533962	DEM10B	2016-10-01	jgd2000	base/dem10/5339.tif
533963	DEM10B	2016-10-01	jgd2000	base/dem10/5339.tif
533964	DEM10B	2016-10-01	jgd2000	base/dem10/5339.tif
533965	DEM10B	2016-10-01	jgd2000	base/dem10/5339.tif
533966	DEM10B	2016-10-01	jgd2000	base/dem10/5339.tif
533967	DEM10B	2016-10-01	jgd2000	base/dem10/5339.tif
533970	DEM10B	2016-10-01	jgd2000	base/dem10/5339.tif
533971	DEM10B	2016-10-01	jgd2000	base/dem10/5339.tif
533972	DEM10B	2016-10-01	jgd2000	base/dem10/5339.tif
533973	DEM10B	2016-10-01	jgd2000	base/dem10/5339.tif
533974	DEM10B	2016-10-01	jgd2000	base/dem10/5339.tif
533975	DEM10B	2016-10-01	jgd2000	base/dem10/5339.tif
533976	DEM10B	2016-10-01	jgd2000	base/dem10/5339.tif
533977	DEM10B	2016-10-01	jgd2000	base/dem10/5339.tif
534000	DEM10B	2016-10-01	jgd2000	base/dem10/5340.tif
534001	DEM10B	2016-10-01	jgd2000	base/dem10/5340.tif
534002	DEM10B	2016-10-01	jgd2000	base/dem10/5340.tif
534003	DEM10B	2016-10-01	jgd2000	base/dem10/5340.tif
534010	DEM10B	2016-10-01	jgd2000	base/dem10/5340.tif
534011	DEM10B	2016-10-01	jgd2000	base/dem10/5340.tif
534012	DEM10B	2016-10-01	jgd2000	base/dem10/5340.tif
534013	DEM10B	2016-10-01	jgd2000	base/dem10/5340.tif
534020	DEM10B	2016-10-01	jgd2000	base/dem10/5340.tif
534021	DEM10B	2016-10-01	jgd2000	base/dem10/5340.tif
534022	DEM10B	2016-10-01	jgd2000	base/dem10/5340.tif
534023	DEM10B	2016-10-01	jgd2000	base/dem10/5340.tif
534024	DEM10B	2016-10-01	jgd2000	base/dem10/5340.tif
534030	DEM10B	2016-10-01	jgd2000	base/dem10/5340.tif
534031	DEM10B	2016-10-01	jgd2000	base/dem10/5340.tif
534032	DEM10B	2016-10-01	jgd2000	base/dem10/5340.tif
534033	DEM10B	2016-10-01	jgd2000	base/dem10/5340.tif
534034	DEM10B	2016-10-01	jgd2000	base/dem10/5340.tif
534040	DEM10B	2016-10-01	jgd2000	base/dem10/5340.tif
534041	DEM10B	2016-10-01	jgd2000	base/dem10/5340.tif
534042	DEM10B	2016-10-01	jgd2000	base/dem10/5340.tif
534043	DEM10B	2016-10-01	jgd2000	base/dem10/5340.tif
534044	DEM10B	2016-10-01	jgd2000	base/dem10/5340.tif
534045	DEM10B	2016-10-01	jgd2000	base/dem10/5340.tif
534046	DEM10B	2016-10-01	jgd2000	base/dem10/5340.tif
534047	DEM10B	2016-10-01	jgd2000	base/dem10/5340.tif
534050	DEM10B	2016-10-01	jgd2000	base/dem10/5340.tif
534051	DEM10B	2016-10-01	jgd2000	base/dem10/5340.tif
534052	DEM10B	2016-10-01	jgd2000	base/dem10/5340.tif
534053	DEM10B	2016-10-01	jgd2000	base/dem10/5340.tif
534054	DEM10B	2016-10-01	jgd2000	base/dem10/5340.tif
534055	DEM10B	2016-10-01	jgd2000	base/dem10/5340.tif
534056	DEM10B	2016-10-01	jgd2000	base/dem10/5340.tif
534060	DEM10B	2016-10-01	jgd2000	base/dem10/5340.tif
534061	DEM10B	2016-10-01	jgd2000	base/dem10/5340.tif
534062	DEM10B	2016-10-01	jgd2000	base/dem10/5340.tif
534063	DEM10B	2016-10-01	jgd2000	base/dem10/5340.tif
534064	DEM10B	2016-10-01	jgd2000	base/dem10/5340.tif
534065	DEM10B	2016-10-01	jgd2000	base/dem10/5340.tif
534066	DEM10B	2016-10-01	jgd2000	base/dem10/5340.tif
534070	DEM10B	2016-10-01	jgd2000	base/dem10/5340.tif
534071	DEM10B	2016-10-01	jgd2000	base/dem10/5340.tif
534072	DEM10B	2016-10-01	jgd2000	base/dem10/5340.tif
534073	DEM10B	2016-10-01	jgd2000	base/dem10/5340.tif
534074	DEM10B	2016-10-01	jgd2000	base/dem10/5340.tif
534075	DEM10B	2016-10-01	jgd2000	base/dem10/5340.tif
543207	DEM10B	2016-10-01	jgd2000	base/dem10/5432.tif
543217	DEM10B	2016-10-01	jgd2000	base/dem10/5432.tif
543300	DEM10B	2016-10-01	jgd2000	base/dem10/5433.tif
543301	DEM10B	2016-10-01	jgd2000	base/dem10/5433.tif
543310	DEM10B	2016-10-01	jgd2000	base/dem10/5433.tif
543311	DEM10B	2016-10-01	jgd2000	base/dem10/5433.tif
543312	DEM10B	2016-10-01	jgd2000	base/dem10/5433.tif
543321	DEM10B	2016-10-01	jgd2000	base/dem10/5433.tif
543322	DEM10B	2016-10-01	jgd2000	base/dem10/5433.tif
543323	DEM10B	2016-10-01	jgd2000	base/dem10/5433.tif
543331	DEM10B	2016-10-01	jgd2000	base/dem10/5433.tif
543332	DEM10B	2016-10-01	jgd2000	base/dem10/5433.tif
543333	DEM10B	2016-10-01	jgd2000	base/dem10/5433.tif
543341	DEM10B	2016-10-01	jgd2000	base/dem10/5433.tif
543342	DEM10B	2016-10-01	jgd2000	base/dem10/5433.tif
543507	DEM10B	2016-10-01	jgd2000	base/dem10/5435.tif
543600	DEM10B	2016-10-01	jgd2000	base/dem10/5436.tif
543601	DEM10B	2016-10-01	jgd2000	base/dem10/5436.tif
543602	DEM10B	2016-10-01	jgd2000	base/dem10/5436.tif
543603	DEM10B	2016-10-01	jgd2000	base/dem10/5436.tif
543604	DEM10B	2016-10-01	jgd2000	base/dem10/5436.tif
543605	DEM10B	2016-10-01	jgd2000	base/dem10/5436.tif
543606	DEM10B	2016-10-01	jgd2000	base/dem10/5436.tif
543607	DEM10B	2016-10-01	jgd2000	base/dem10/5436.tif
543610	DEM10B	2016-10-01	jgd2000	base/dem10/5436.tif
543611	DEM10B	2016-10-01	jgd2000	base/dem10/5436.tif
543612	DEM10B	2016-10-01	jgd2000	base/dem10/5436.tif
543613	DEM10B	2016-10-01	jgd2000	base/dem10/5436.tif
543614	DEM10B	2016-10-01	jgd2000	base/dem10/5436.tif
543615	DEM10B	2016-10-01	jgd2000	base/dem10/5436.tif
543616	DEM10B	2016-10-01	jgd2000	base/dem10/5436.tif
543617	DEM10B	2016-10-01	jgd2000	base/dem10/5436.tif
543620	DEM10B	2016-10-01	jgd2000	base/dem10/5436.tif
543621	DEM10B	2016-10-01	jgd2000	base/dem10/5436.tif
543622	DEM10B	2016-10-01	jgd2000	base/dem10/5436.tif
543623	DEM10B	2016-10-01	jgd2000	base/dem10/5436.tif
543624	DEM10B	2016-10-01	jgd2000	base/dem10/5436.tif
543625	DEM10B	2016-10-01	jgd2000	base/dem10/5436.tif
543626	DEM10B	2016-10-01	jgd2000	base/dem10/5436.tif
543627	DEM10B	2016-10-01	jgd2000	base/dem10/5436.tif
543630	DEM10B	2016-10-01	jgd2000	base/dem10/5436.tif
543631	DEM10B	2016-10-01	jgd2000	base/dem10/5436.tif
543632	DEM10B	2016-10-01	jgd2000	base/dem10/5436.tif
543633	DEM10B	2016-10-01	jgd2000	base/dem10/5436.tif
543634	DEM10B	2016-10-01	jgd2000	base/dem10/5436.tif
543635	DEM10B	2016-10-01	jgd2000	base/dem10/5436.tif
543636	DEM10B	2016-10-01	jgd2000	base/dem10/5436.tif
543637	DEM10B	2016-10-01	jgd2000	base/dem10/5436.tif
543642	DEM10B	2016-10-01	jgd2000	base/dem10/5436.tif
543643	DEM10B	2016-10-01	jgd2000	base/dem10/5436.tif
543644	DEM10B	2016-10-01	jgd2000	base/dem10/5436.tif
543645	DEM10B	2016-10-01	jgd2000	base/dem10/5436.tif
543646	DEM10B	2016-10-01	jgd2000	base/dem10/5436.tif
543647	DEM10B	2016-10-01	jgd2000	base/dem10/5436.tif
543653	DEM10B	2016-10-01	jgd2000	base/dem10/5436.tif
543654	DEM10B	2016-10-01	jgd2000	base/dem10/5436.tif
543655	DEM10B	2016-10-01	jgd2000	base/dem10/5436.tif
543656	DEM10B	2016-10-01	jgd2000	base/dem10/5436.tif
543657	DEM10B	2016-10-01	jgd2000	base/dem10/5436.tif
543663	DEM10B	2016-10-01	jgd2000	base/dem10/5436.tif
543664	DEM10B	2016-10-01	jgd2000	base/dem10/5436.tif
543665	DEM10B	2016-10-01	jgd2000	base/dem10/5436.tif
543666	DEM10B	2016-10-01	jgd2000	base/dem10/5436.tif
543667	DEM10B	2016-10-01	jgd2000	base/dem10/5436.tif
543674	DEM10B	2016-10-01	jgd2000	base/dem10/5436.tif
543675	DEM10B	2016-10-01	jgd2000	base/dem10/5436.tif
543676	DEM10B	2016-10-01	jgd2000	base/dem10/5436.tif
543677	DEM10B	2016-10-01	jgd2000	base/dem10/5436.tif
543700	DEM10B	2016-10-01	jgd2000	base/dem10/5437.tif
543701	DEM10B	2016-10-01	jgd2000	base/dem10/5437.tif
543702	DEM10B	2016-10-01	jgd2000	base/dem10/5437.tif
543703	DEM10B	2016-10-01	jgd2000	base/dem10/5437.tif
543704	DEM10B	2016-10-01	jgd2000	base/dem10/5437.tif
543705	DEM10B	2016-10-01	jgd2000	base/dem10/5437.tif
543706	DEM10B	2016-10-01	jgd2000	base/dem10/5437.tif
543707	DEM10B	2016-10-01	jgd2000	base/dem10/5437.tif
543710	DEM10B	2016-10-01	jgd2000	base/dem10/5437.tif
543711	DEM10B	2016-10-01	jgd2000	base/dem10/5437.tif
543712	DEM10B	2016-10-01	jgd2000	base/dem10/5437.tif
543713	DEM10B	2016-10-01	jgd2000	base/dem10/5437.tif
543714	DEM10B	2016-10-01	jgd2000	base/dem10/5437.tif
543715	DEM10B	2016-10-01	jgd2000	base/dem10/5437.tif
543716	DEM10B	2016-10-01	jgd2000	base/dem10/5437.tif
543717	DEM10B	2016-10-01	jgd2000	base/dem10/5437.tif
543720	DEM10B	2016-10-01	jgd2000	base/dem10/5437.tif
543721	DEM10B	2016-10-01	jgd2000	base/dem10/5437.tif
543722	DEM10B	2016-10-01	jgd2000	base/dem10/5437.tif
543723	DEM10B	2016-10-01	jgd2000	base/dem10/5437.tif
543724	DEM10A	2016-10-01	jgd2000	base/dem10/5437.tif
543724	DEM10B	2016-10-01	jgd2000	base/dem10/5437.tif
543725	DEM10A	2016-10-01	jgd2000	base/dem10/5437.tif
543725	DEM10B	2016-10-01	jgd2000	base/dem10/5437.tif
543726	DEM10B	2016-10-01	jgd2000	base/dem10/5437.tif
543727	DEM10B	2016-10-01	jgd2000	base/dem10/5437.tif
543730	DEM10B	2016-10-01	jgd2000	base/dem10/5437.tif
543731	DEM10B	2016-10-01	jgd2000	base/dem10/5437.tif
543732	DEM10B	2016-10-01	jgd2000	base/dem10/5437.tif
543733	DEM10B	2016-10-01	jgd2000	base/dem10/5437.tif
543734	DEM10A	2016-10-01	jgd2000	base/dem10/5437.tif
543734	DEM10B	2016-10-01	jgd2000	base/dem10/5437.tif
543735	DEM10B	2016-10-01	jgd2000	base/dem10/5437.tif
543736	DEM10B	2016-10-01	jgd2000	base/dem10/5437.tif
543737	DEM10B	2016-10-01	jgd2000	base/dem10/5437.tif
543740	DEM10B	2016-10-01	jgd2000	base/dem10/5437.tif
543741	DEM10B	2016-10-01	jgd2000	base/dem10/5437.tif
543742	DEM10B	2016-10-01	jgd2000	base/dem10/5437.tif
543743	DEM10B	2016-10-01	jgd2000	base/dem10/5437.tif
543744	DEM10B	2016-10-01	jgd2000	base/dem10/5437.tif
543745	DEM10B	2016-10-01	jgd2000	base/dem10/5437.tif
543746	DEM10B	2016-10-01	jgd2000	base/dem10/5437.tif
543747	DEM10B	2016-10-01	jgd2000	base/dem10/5437.tif
543750	DEM10B	2016-10-01	jgd2000	base/dem10/5437.tif
543751	DEM10B	2016-10-01	jgd2000	base/dem10/5437.tif
543752	DEM10B	2016-10-01	jgd2000	base/dem10/5437.tif
543753	DEM10B	2016-10-01	jgd2000	base/dem10/5437.tif
543754	DEM10B	2016-10-01	jgd2000	base/dem10/5437.tif
543755	DEM10B	2016-10-01	jgd2000	base/dem10/5437.tif
543756	DEM10B	2016-10-01	jgd2000	base/dem10/5437.tif
543757	DEM10B	2016-10-01	jgd2000	base/dem10/5437.tif
543760	DEM10B	2016-10-01	jgd2000	base/dem10/5437.tif
543761	DEM10B	2016-10-01	jgd2000	base/dem10/5437.tif
543762	DEM10B	2016-10-01	jgd2000	base/dem10/5437.tif
543763	DEM10B	2016-10-01	jgd2000	base/dem10/5437.tif
543764	DEM10B	2016-10-01	jgd2000	base/dem10/5437.tif
543765	DEM10B	2016-10-01	jgd2000	base/dem10/5437.tif
543766	DEM10B	2016-10-01	jgd2000	base/dem10/5437.tif
543767	DEM10B	2016-10-01	jgd2000	base/dem10/5437.tif
543770	DEM10B	2016-10-01	jgd2000	base/dem10/5437.tif
543771	DEM10B	2016-10-01	jgd2000	base/dem10/5437.tif
543772	DEM10B	2016-10-01	jgd2000	base/dem10/5437.tif
543773	DEM10B	2016-10-01	jgd2000	base/dem10/5437.tif
543774	DEM10B	2016-10-01	jgd2000	base/dem10/5437.tif
543775	DEM10B	2016-10-01	jgd2000	base/dem10/5437.tif
543776	DEM10B	2016-10-01	jgd2000	base/dem10/5437.tif
543777	DEM10B	2016-10-01	jgd2000	base/dem10/5437.tif
543800	DEM10B	2016-10-01	jgd2000	base/dem10/5438.tif
543801	DEM10B	2016-10-01	jgd2000	base/dem10/5438.tif
543802	DEM10B	2016-10-01	jgd2000	base/dem10/5438.tif
543803	DEM10B	2016-10-01	jgd2000	base/dem10/5438.tif
543804	DEM10B	2016-10-01	jgd2000	base/dem10/5438.tif
543805	DEM10B	2016-10-01	jgd2000	base/dem10/5438.tif
543806	DEM10B	2016-10-01	jgd2000	base/dem10/5438.tif
543807	DEM10B	2016-10-01	jgd2000	base/dem10/5438.tif
543810	DEM10B	2016-10-01	jgd2000	base/dem10/5438.tif
543811	DEM10B	2016-10-01	jgd2000	base/dem10/5438.tif
543812	DEM10B	2016-10-01	jgd2000	base/dem10/5438.tif
543813	DEM10B	2016-10-01	jgd2000	base/dem10/5438.tif
543814	DEM10B	2016-10-01	jgd2000	base/dem10/5438.tif
543815	DEM10B	2016-10-01	jgd2000	base/dem10/5438.tif
543816	DEM10B	2016-10-01	jgd2000	base/dem10/5438.tif
543817	DEM10B	2016-10-01	jgd2000	base/dem10/5438.tif
543820	DEM10B	2016-10-01	jgd2000	base/dem10/5438.tif
543821	DEM10B	2016-10-01	jgd2000	base/dem10/5438.tif
543822	DEM10B	2016-10-01	jgd2000	base/dem10/5438.tif
543823	DEM10B	2016-10-01	jgd2000	base/dem10/5438.tif
543824	DEM10B	2016-10-01	jgd2000	base/dem10/5438.tif
543825	DEM10B	2016-10-01	jgd2000	base/dem10/5438.tif
543826	DEM10B	2016-10-01	jgd2000	base/dem10/5438.tif
543827	DEM10B	2016-10-01	jgd2000	base/dem10/5438.tif
543830	DEM10B	2016-10-01	jgd2000	base/dem10/5438.tif
543831	DEM10B	2016-10-01	jgd2000	base/dem10/5438.tif
543832	DEM10B	2016-10-01	jgd2000	base/dem10/5438.tif
543833	DEM10B	2016-10-01	jgd2000	base/dem10/5438.tif
543834	DEM10B	2016-10-01	jgd2000	base/dem10/5438.tif
543835	DEM10B	2016-10-01	jgd2000	base/dem10/5438.tif
543836	DEM10B	2016-10-01	jgd2000	base/dem10/5438.tif
543837	DEM10B	2016-10-01	jgd2000	base/dem10/5438.tif
543840	DEM10B	2016-10-01	jgd2000	base/dem10/5438.tif
543841	DEM10B	2016-10-01	jgd2000	base/dem10/5438.tif
543842	DEM10B	2016-10-01	jgd2000	base/dem10/5438.tif
543843	DEM10A	2016-10-01	jgd2000	base/dem10/5438.tif
543843	DEM10B	2016-10-01	jgd2000	base/dem10/5438.tif
543844	DEM10A	2016-10-01	jgd2000	base/dem10/5438.tif
543844	DEM10B	2016-10-01	jgd2000	base/dem10/5438.tif
543845	DEM10B	2016-10-01	jgd2000	base/dem10/5438.tif
543846	DEM10B	2016-10-01	jgd2000	base/dem10/5438.tif
543847	DEM10B	2016-10-01	jgd2000	base/dem10/5438.tif
543850	DEM10B	2016-10-01	jgd2000	base/dem10/5438.tif
543851	DEM10B	2016-10-01	jgd2000	base/dem10/5438.tif
543852	DEM10B	2016-10-01	jgd2000	base/dem10/5438.tif
543853	DEM10A	2016-10-01	jgd2000	base/dem10/5438.tif
543853	DEM10B	2016-10-01	jgd2000	base/dem10/5438.tif
543854	DEM10A	2016-10-01	jgd2000	base/dem10/5438.tif
543854	DEM10B	2016-10-01	jgd2000	base/dem10/5438.tif
543855	DEM10B	2016-10-01	jgd2000	base/dem10/5438.tif
543856	DEM10B	2016-10-01	jgd2000	base/dem10/5438.tif
543857	DEM10B	2016-10-01	jgd2000	base/dem10/5438.tif
543860	DEM10B	2016-10-01	jgd2000	base/dem10/5438.tif
543861	DEM10B	2016-10-01	jgd2000	base/dem10/5438.tif
543862	DEM10B	2016-10-01	jgd2000	base/dem10/5438.tif
543863	DEM10B	2016-10-01	jgd2000	base/dem10/5438.tif
543864	DEM10B	2016-10-01	jgd2000	base/dem10/5438.tif
543865	DEM10B	2016-10-01	jgd2000	base/dem10/5438.tif
543866	DEM10B	2016-10-01	jgd2000	base/dem10/5438.tif
543867	DEM10B	2016-10-01	jgd2000	base/dem10/5438.tif
543870	DEM10B	2016-10-01	jgd2000	base/dem10/5438.tif
543871	DEM10B	2016-10-01	jgd2000	base/dem10/5438.tif
543872	DEM10B	2016-10-01	jgd2000	base/dem10/5438.tif
543873	DEM10B	2016-10-01	jgd2000	base/dem10/5438.tif
543874	DEM10A	2016-10-01	jgd2000	base/dem10/5438.tif
543874	DEM10B	2016-10-01	jgd2000	base/dem10/5438.tif
543875	DEM10B	2016-10-01	jgd2000	base/dem10/5438.tif
543876	DEM10B	2016-10-01	jgd2000	base/dem10/5438.tif
543877	DEM10B	2016-10-01	jgd2000	base/dem10/5438.tif
543900	DEM10B	2016-10-01	jgd2000	base/dem10/5439.tif
543901	DEM10B	2016-10-01	jgd2000	base/dem10/5439.tif
543902	DEM10B	2016-10-01	jgd2000	base/dem10/5439.tif
543903	DEM10B	2016-10-01	jgd2000	base/dem10/5439.tif
543904	DEM10B	2016-10-01	jgd2000	base/dem10/5439.tif
543905	DEM10B	2016-10-01	jgd2000	base/dem10/5439.tif
543906	DEM10B	2016-10-01	jgd2000	base/dem10/5439.tif
543907	DEM10B	2016-10-01	jgd2000	base/dem10/5439.tif
543910	DEM10B	2016-10-01	jgd2000	base/dem10/5439.tif
543911	DEM10B	2016-10-01	jgd2000	base/dem10/5439.tif
543912	DEM10B	2016-10-01	jgd2000	base/dem10/5439.tif
543913	DEM10B	2016-10-01	jgd2000	base/dem10/5439.tif
543914	DEM10B	2016-10-01	jgd2000	base/dem10/5439.tif
543915	DEM10B	2016-10-01	jgd2000	base/dem10/5439.tif
543916	DEM10B	2016-10-01	jgd2000	base/dem10/5439.tif
543917	DEM10B	2016-10-01	jgd2000	base/dem10/5439.tif
543920	DEM10B	2016-10-01	jgd2000	base/dem10/5439.tif
543921	DEM10B	2016-10-01	jgd2000	base/dem10/5439.tif
543922	DEM10B	2016-10-01	jgd2000	base/dem10/5439.tif
543923	DEM10B	2016-10-01	jgd2000	base/dem10/5439.tif
543924	DEM10B	2016-10-01	jgd2000	base/dem10/5439.tif
543925	DEM10B	2016-10-01	jgd2000	base/dem10/5439.tif
543926	DEM10B	2016-10-01	jgd2000	base/dem10/5439.tif
543927	DEM10B	2016-10-01	jgd2000	base/dem10/5439.tif
543930	DEM10B	2016-10-01	jgd2000	base/dem10/5439.tif
543931	DEM10B	2016-10-01	jgd2000	base/dem10/5439.tif
543932	DEM10B	2016-10-01	jgd2000	base/dem10/5439.tif
543933	DEM10B	2016-10-01	jgd2000	base/dem10/5439.tif
543934	DEM10B	2016-10-01	jgd2000	base/dem10/5439.tif
543935	DEM10B	2016-10-01	jgd2000	base/dem10/5439.tif
543936	DEM10B	2016-10-01	jgd2000	base/dem10/5439.tif
543937	DEM10B	2016-10-01	jgd2000	base/dem10/5439.tif
543940	DEM10B	2016-10-01	jgd2000	base/dem10/5439.tif
543941	DEM10B	2016-10-01	jgd2000	base/dem10/5439.tif
543942	DEM10B	2016-10-01	jgd2000	base/dem10/5439.tif
543943	DEM10B	2016-10-01	jgd2000	base/dem10/5439.tif
543944	DEM10B	2016-10-01	jgd2000	base/dem10/5439.tif
543945	DEM10B	2016-10-01	jgd2000	base/dem10/5439.tif
543946	DEM10B	2016-10-01	jgd2000	base/dem10/5439.tif
543947	DEM10B	2016-10-01	jgd2000	base/dem10/5439.tif
543950	DEM10B	2016-10-01	jgd2000	base/dem10/5439.tif
543951	DEM10B	2016-10-01	jgd2000	base/dem10/5439.tif
543952	DEM10B	2016-10-01	jgd2000	base/dem10/5439.tif
543953	DEM10B	2016-10-01	jgd2000	base/dem10/5439.tif
543954	DEM10B	2016-10-01	jgd2000	base/dem10/5439.tif
543955	DEM10B	2016-10-01	jgd2000	base/dem10/5439.tif
543956	DEM10B	2016-10-01	jgd2000	base/dem10/5439.tif
543957	DEM10B	2016-10-01	jgd2000	base/dem10/5439.tif
543960	DEM10B	2016-10-01	jgd2000	base/dem10/5439.tif
543961	DEM10B	2016-10-01	jgd2000	base/dem10/5439.tif
543962	DEM10B	2016-10-01	jgd2000	base/dem10/5439.tif
543963	DEM10B	2016-10-01	jgd2000	base/dem10/5439.tif
543964	DEM10B	2016-10-01	jgd2000	base/dem10/5439.tif
543965	DEM10B	2016-10-01	jgd2000	base/dem10/5439.tif
543966	DEM10B	2016-10-01	jgd2000	base/dem10/5439.tif
543967	DEM10B	2016-10-01	jgd2000	base/dem10/5439.tif
543970	DEM10B	2016-10-01	jgd2000	base/dem10/5439.tif
543971	DEM10B	2016-10-01	jgd2000	base/dem10/5439.tif
543972	DEM10B	2016-10-01	jgd2000	base/dem10/5439.tif
543973	DEM10B	2016-10-01	jgd2000	base/dem10/5439.tif
543974	DEM10B	2016-10-01	jgd2000	base/dem10/5439.tif
543975	DEM10B	2016-10-01	jgd2000	base/dem10/5439.tif
543976	DEM10B	2016-10-01	jgd2000	base/dem10/5439.tif
543977	DEM10B	2016-10-01	jgd2000	base/dem10/5439.tif
544000	DEM10B	2016-10-01	jgd2000	base/dem10/5440.tif
544001	DEM10B	2016-10-01	jgd2000	base/dem10/5440.tif
544002	DEM10B	2016-10-01	jgd2000	base/dem10/5440.tif
544003	DEM10B	2016-10-01	jgd2000	base/dem10/5440.tif
544004	DEM10B	2016-10-01	jgd2000	base/dem10/5440.tif
544005	DEM10B	2016-10-01	jgd2000	base/dem10/5440.tif
544010	DEM10B	2016-10-01	jgd2000	base/dem10/5440.tif
544011	DEM10B	2016-10-01	jgd2000	base/dem10/5440.tif
544012	DEM10B	2016-10-01	jgd2000	base/dem10/5440.tif
544013	DEM10B	2016-10-01	jgd2000	base/dem10/5440.tif
544014	DEM10B	2016-10-01	jgd2000	base/dem10/5440.tif
544020	DEM10B	2016-10-01	jgd2000	base/dem10/5440.tif
544021	DEM10B	2016-10-01	jgd2000	base/dem10/5440.tif
544022	DEM10B	2016-10-01	jgd2000	base/dem10/5440.tif
544023	DEM10B	2016-10-01	jgd2000	base/dem10/5440.tif
544024	DEM10B	2016-10-01	jgd2000	base/dem10/5440.tif
544030	DEM10B	2016-10-01	jgd2000	base/dem10/5440.tif
544031	DEM10B	2016-10-01	jgd2000	base/dem10/5440.tif
544032	DEM10B	2016-10-01	jgd2000	base/dem10/5440.tif
544033	DEM10B	2016-10-01	jgd2000	base/dem10/5440.tif
544034	DEM10B	2016-10-01	jgd2000	base/dem10/5440.tif
544040	DEM10B	2016-10-01	jgd2000	base/dem10/5440.tif
544041	DEM10B	2016-10-01	jgd2000	base/dem10/5440.tif
544042	DEM10B	2016-10-01	jgd2000	base/dem10/5440.tif
544043	DEM10B	2016-10-01	jgd2000	base/dem10/5440.tif
544044	DEM10B	2016-10-01	jgd2000	base/dem10/5440.tif
544045	DEM10B	2016-10-01	jgd2000	base/dem10/5440.tif
544050	DEM10B	2016-10-01	jgd2000	base/dem10/5440.tif
544051	DEM10B	2016-10-01	jgd2000	base/dem10/5440.tif
544052	DEM10B	2016-10-01	jgd2000	base/dem10/5440.tif
544053	DEM10B	2016-10-01	jgd2000	base/dem10/5440.tif
544054	DEM10B	2016-10-01	jgd2000	base/dem10/5440.tif
544055	DEM10B	2016-10-01	jgd2000	base/dem10/5440.tif
544060	DEM10B	2016-10-01	jgd2000	base/dem10/5440.tif
544061	DEM10B	2016-10-01	jgd2000	base/dem10/5440.tif
544062	DEM10B	2016-10-01	jgd2000	base/dem10/5440.tif
544063	DEM10B	2016-10-01	jgd2000	base/dem10/5440.tif
544064	DEM10B	2016-10-01	jgd2000	base/dem10/5440.tif
544065	DEM10B	2016-10-01	jgd2000	base/dem10/5440.tif
544070	DEM10B	2016-10-01	jgd2000	base/dem10/5440.tif
544071	DEM10B	2016-10-01	jgd2000	base/dem10/5440.tif
544072	DEM10B	2016-10-01	jgd2000	base/dem10/5440.tif
544073	DEM10B	2016-10-01	jgd2000	base/dem10/5440.tif
544074	DEM10B	2016-10-01	jgd2000	base/dem10/5440.tif
544075	DEM10B	2016-10-01	jgd2000	base/dem10/5440.tif
553166	DEM10B	2016-10-01	jgd2000	base/dem10/5531.tif
553605	DEM10B	2016-10-01	jgd2000	base/dem10/5536.tif
553606	DEM10B	2016-10-01	jgd2000	base/dem10/5536.tif
553607	DEM10B	2016-10-01	jgd2000	base/dem10/5536.tif
553615	DEM10B	2016-10-01	jgd2000	base/dem10/5536.tif
553616	DEM10B	2016-10-01	jgd2000	base/dem10/5536.tif
553617	DEM10B	2016-10-01	jgd2000	base/dem10/5536.tif
553625	DEM10B	2016-10-01	jgd2000	base/dem10/5536.tif
553626	DEM10B	2016-10-01	jgd2000	base/dem10/5536.tif
553627	DEM10B	2016-10-01	jgd2000	base/dem10/5536.tif
553635	DEM10B	2016-10-01	jgd2000	base/dem10/5536.tif
553636	DEM10B	2016-10-01	jgd2000	base/dem10/5536.tif
553637	DEM10B	2016-10-01	jgd2000	base/dem10/5536.tif
553645	DEM10B	2016-10-01	jgd2000	base/dem10/5536.tif
553646	DEM10B	2016-10-01	jgd2000	base/dem10/5536.tif
553647	DEM10B	2016-10-01	jgd2000	base/dem10/5536.tif
553655	DEM10B	2016-10-01	jgd2000	base/dem10/5536.tif
553656	DEM10B	2016-10-01	jgd2000	base/dem10/5536.tif
553657	DEM10B	2016-10-01	jgd2000	base/dem10/5536.tif
553665	DEM10B	2016-10-01	jgd2000	base/dem10/5536.tif
553666	DEM10B	2016-10-01	jgd2000	base/dem10/5536.tif
553667	DEM10B	2016-10-01	jgd2000	base/dem10/5536.tif
553675	DEM10B	2016-10-01	jgd2000	base/dem10/5536.tif
553676	DEM10B	2016-10-01	jgd2000	base/dem10/5536.tif
553677	DEM10B	2016-10-01	jgd2000	base/dem10/5536.tif
553700	DEM10B	2016-10-01	jgd2000	base/dem10/5537.tif
553701	DEM10B	2016-10-01	jgd2000	base/dem10/5537.tif
553702	DEM10B	2016-10-01	jgd2000	base/dem10/5537.tif
553703	DEM10B	2016-10-01	jgd2000	base/dem10/5537.tif
553704	DEM10B	2016-10-01	jgd2000	base/dem10/5537.tif
553705	DEM10B	2016-10-01	jgd2000	base/dem10/5537.tif
553706	DEM10B	2016-10-01	jgd2000	base/dem10/5537.tif
553707	DEM10B	2016-10-01	jgd2000	base/dem10/5537.tif
553710	DEM10B	2016-10-01	jgd2000	base/dem10/5537.tif
553711	DEM10B	2016-10-01	jgd2000	base/dem10/5537.tif
553712	DEM10B	2016-10-01	jgd2000	base/dem10/5537.tif
553713	DEM10B	2016-10-01	jgd2000	base/dem10/5537.tif
553714	DEM10B	2016-10-01	jgd2000	base/dem10/5537.tif
553715	DEM10B	2016-10-01	jgd2000	base/dem10/5537.tif
553716	DEM10B	2016-10-01	jgd2000	base/dem10/5537.tif
553717	DEM10B	2016-10-01	jgd2000	base/dem10/5537.tif
553720	DEM10B	2016-10-01	jgd2000	base/dem10/5537.tif
553723	DEM10B	2016-10-01	jgd2000	base/dem10/5537.tif
553724	DEM10B	2016-10-01	jgd2000	base/dem10/5537.tif
553725	DEM10B	2016-10-01	jgd2000	base/dem10/5537.tif
553726	DEM10B	2016-10-01	jgd2000	base/dem10/5537.tif
553727	DEM10B	2016-10-01	jgd2000	base/dem10/5537.tif
553730	DEM10B	2016-10-01	jgd2000	base/dem10/5537.tif
553733	DEM10B	2016-10-01	jgd2000	base/dem10/5537.tif
553734	DEM10B	2016-10-01	jgd2000	base/dem10/5537.tif
553735	DEM10B	2016-10-01	jgd2000	base/dem10/5537.tif
553736	DEM10B	2016-10-01	jgd2000	base/dem10/5537.tif
553737	DEM10B	2016-10-01	jgd2000	base/dem10/5537.tif
553740	DEM10B	2016-10-01	jgd2000	base/dem10/5537.tif
553745	DEM10B	2016-10-01	jgd2000	base/dem10/5537.tif
553746	DEM10B	2016-10-01	jgd2000	base/dem10/5537.tif
553747	DEM10B	2016-10-01	jgd2000	base/dem10/5537.tif
553750	DEM10B	2016-10-01	jgd2000	base/dem10/5537.tif
553757	DEM10B	2016-10-01	jgd2000	base/dem10/5537.tif
553760	DEM10B	2016-10-01	jgd2000	base/dem10/5537.tif
553770	DEM10B	2016-10-01	jgd2000	base/dem10/5537.tif
553771	DEM10B	2016-10-01	jgd2000	base/dem10/5537.tif
553772	DEM10B	2016-10-01	jgd2000	base/dem10/5537.tif
553800	DEM10B	2016-10-01	jgd2000	base/dem10/5538.tif
553801	DEM10B	2016-10-01	jgd2000	base/dem10/5538.tif
553802	DEM10B	2016-10-01	jgd2000	base/dem10/5538.tif
553803	DEM10B	2016-10-01	jgd2000	base/dem10/5538.tif
553804	DEM10B	2016-10-01	jgd2000	base/dem10/5538.tif
553805	DEM10B	2016-10-01	jgd2000	base/dem10/5538.tif
553806	DEM10B	2016-10-01	jgd2000	base/dem10/5538.tif
553807	DEM10B	2016-10-01	jgd2000	base/dem10/5538.tif
553810	DEM10B	2016-10-01	jgd2000	base/dem10/5538.tif
553811	DEM10B	2016-10-01	jgd2000	base/dem10/5538.tif
553812	DEM10B	2016-10-01	jgd2000	base/dem10/5538.tif
553813	DEM10B	2016-10-01	jgd2000	base/dem10/5538.tif
553814	DEM10B	2016-10-01	jgd2000	base/dem10/5538.tif
553815	DEM10B	2016-10-01	jgd2000	base/dem10/5538.tif
553816	DEM10B	2016-10-01	jgd2000	base/dem10/5538.tif
553817	DEM10B	2016-10-01	jgd2000	base/dem10/5538.tif
553820	DEM10B	2016-10-01	jgd2000	base/dem10/5538.tif
553821	DEM10B	2016-10-01	jgd2000	base/dem10/5538.tif
553822	DEM10B	2016-10-01	jgd2000	base/dem10/5538.tif
553823	DEM10B	2016-10-01	jgd2000	base/dem10/5538.tif
553824	DEM10B	2016-10-01	jgd2000	base/dem10/5538.tif
553825	DEM10B	2016-10-01	jgd2000	base/dem10/5538.tif
553826	DEM10B	2016-10-01	jgd2000	base/dem10/5538.tif
553827	DEM10B	2016-10-01	jgd2000	base/dem10/5538.tif
553830	DEM10B	2016-10-01	jgd2000	base/dem10/5538.tif
553831	DEM10B	2016-10-01	jgd2000	base/dem10/5538.tif
553832	DEM10B	2016-10-01	jgd2000	base/dem10/5538.tif
553833	DEM10B	2016-10-01	jgd2000	base/dem10/5538.tif
553834	DEM10B	2016-10-01	jgd2000	base/dem10/5538.tif
553835	DEM10B	2016-10-01	jgd2000	base/dem10/5538.tif
553836	DEM10B	2016-10-01	jgd2000	base/dem10/5538.tif
553837	DEM10B	2016-10-01	jgd2000	base/dem10/5538.tif
553840	DEM10B	2016-10-01	jgd2000	base/dem10/5538.tif
553841	DEM10B	2016-10-01	jgd2000	base/dem10/5538.tif
553842	DEM10B	2016-10-01	jgd2000	base/dem10/5538.tif
553843	DEM10B	2016-10-01	jgd2000	base/dem10/5538.tif
553844	DEM10B	2016-10-01	jgd2000	base/dem10/5538.tif
553845	DEM10B	2016-10-01	jgd2000	base/dem10/5538.tif
553846	DEM10B	2016-10-01	jgd2000	base/dem10/5538.tif
553847	DEM10B	2016-10-01	jgd2000	base/dem10/5538.tif
553850	DEM10B	2016-10-01	jgd2000	base/dem10/5538.tif
553851	DEM10B	2016-10-01	jgd2000	base/dem10/5538.tif
553852	DEM10B	2016-10-01	jgd2000	base/dem10/5538.tif
553853	DEM10B	2016-10-01	jgd2000	base/dem10/5538.tif
553854	DEM10B	2016-10-01	jgd2000	base/dem10/5538.tif
553855	DEM10B	2016-10-01	jgd2000	base/dem10/5538.tif
553856	DEM10B	2016-10-01	jgd2000	base/dem10/5538.tif
553857	DEM10B	2016-10-01	jgd2000	base/dem10/5538.tif
553860	DEM10B	2016-10-01	jgd2000	base/dem10/5538.tif
553861	DEM10B	2016-10-01	jgd2000	base/dem10/5538.tif
553862	DEM10B	2016-10-01	jgd2000	base/dem10/5538.tif
553863	DEM10B	2016-10-01	jgd2000	base/dem10/5538.tif
553864	DEM10B	2016-10-01	jgd2000	base/dem10/5538.tif
553865	DEM10B	2016-10-01	jgd2000	base/dem10/5538.tif
553866	DEM10B	2016-10-01	jgd2000	base/dem10/5538.tif
553867	DEM10B	2016-10-01	jgd2000	base/dem10/5538.tif
553872	DEM10B	2016-10-01	jgd2000	base/dem10/5538.tif
553873	DEM10B	2016-10-01	jgd2000	base/dem10/5538.tif
553874	DEM10B	2016-10-01	jgd2000	base/dem10/5538.tif
553875	DEM10B	2016-10-01	jgd2000	base/dem10/5538.tif
553876	DEM10B	2016-10-01	jgd2000	base/dem10/5538.tif
553877	DEM10B	2016-10-01	jgd2000	base/dem10/5538.tif
553900	DEM10B	2016-10-01	jgd2000	base/dem10/5539.tif
553901	DEM10B	2016-10-01	jgd2000	base/dem10/5539.tif
553902	DEM10B	2016-10-01	jgd2000	base/dem10/5539.tif
553903	DEM10B	2016-10-01	jgd2000	base/dem10/5539.tif
553904	DEM10B	2016-10-01	jgd2000	base/dem10/5539.tif
553905	DEM10B	2016-10-01	jgd2000	base/dem10/5539.tif
553906	DEM10B	2016-10-01	jgd2000	base/dem10/5539.tif
553907	DEM10B	2016-10-01	jgd2000	base/dem10/5539.tif
553910	DEM10B	2016-10-01	jgd2000	base/dem10/5539.tif
553911	DEM10B	2016-10-01	jgd2000	base/dem10/5539.tif
553912	DEM10B	2016-10-01	jgd2000	base/dem10/5539.tif
553913	DEM10B	2016-10-01	jgd2000	base/dem10/5539.tif
553914	DEM10B	2016-10-01	jgd2000	base/dem10/5539.tif
553915	DEM10B	2016-10-01	jgd2000	base/dem10/5539.tif
553916	DEM10B	2016-10-01	jgd2000	base/dem10/5539.tif
553917	DEM10B	2016-10-01	jgd2000	base/dem10/5539.tif
553920	DEM10B	2016-10-01	jgd2000	base/dem10/5539.tif
553921	DEM10B	2016-10-01	jgd2000	base/dem10/5539.tif
553922	DEM10B	2016-10-01	jgd2000	base/dem10/5539.tif
553923	DEM10B	2016-10-01	jgd2000	base/dem10/5539.tif
553924	DEM10B	2016-10-01	jgd2000	base/dem10/5539.tif
553925	DEM10B	2016-10-01	jgd2000	base/dem10/5539.tif
553926	DEM10B	2016-10-01	jgd2000	base/dem10/5539.tif
553927	DEM10B	2016-10-01	jgd2000	base/dem10/5539.tif
553930	DEM10B	2016-10-01	jgd2000	base/dem10/5539.tif
553931	DEM10B	2016-10-01	jgd2000	base/dem10/5539.tif
553932	DEM10B	2016-10-01	jgd2000	base/dem10/5539.tif
553933	DEM10B	2016-10-01	jgd2000	base/dem10/5539.tif
553934	DEM10B	2016-10-01	jgd2000	base/dem10/5539.tif
553935	DEM10B	2016-10-01	jgd2000	base/dem10/5539.tif
553936	DEM10B	2016-10-01	jgd2000	base/dem10/5539.tif
553937	DEM10B	2016-10-01	jgd2000	base/dem10/5539.tif
553940	DEM10B	2016-10-01	jgd2000	base/dem10/5539.tif
553941	DEM10B	2016-10-01	jgd2000	base/dem10/5539.tif
553942	DEM10B	2016-10-01	jgd2000	base/dem10/5539.tif
553943	DEM10B	2016-10-01	jgd2000	base/dem10/5539.tif
553944	DEM10B	2016-10-01	jgd2000	base/dem10/5539.tif
553945	DEM10B	2016-10-01	jgd2000	base/dem10/5539.tif
553946	DEM10B	2016-10-01	jgd2000	base/dem10/5539.tif
553947	DEM10B	2016-10-01	jgd2000	base/dem10/5539.tif
553950	DEM10B	2016-10-01	jgd2000	base/dem10/5539.tif
553951	DEM10B	2016-10-01	jgd2000	base/dem10/5539.tif
553952	DEM10B	2016-10-01	jgd2000	base/dem10/5539.tif
553953	DEM10B	2016-10-01	jgd2000	base/dem10/5539.tif
553954	DEM10B	2016-10-01	jgd2000	base/dem10/5539.tif
553955	DEM10B	2016-10-01	jgd2000	base/dem10/5539.tif
553956	DEM10B	2016-10-01	jgd2000	base/dem10/5539.tif
553957	DEM10A	2016-10-01	jgd2000	base/dem10/5539.tif
553957	DEM10B	2016-10-01	jgd2000	base/dem10/5539.tif
553960	DEM10B	2016-10-01	jgd2000	base/dem10/5539.tif
553961	DEM10B	2016-10-01	jgd2000	base/dem10/5539.tif
553962	DEM10B	2016-10-01	jgd2000	base/dem10/5539.tif
553963	DEM10B	2016-10-01	jgd2000	base/dem10/5539.tif
553964	DEM10B	2016-10-01	jgd2000	base/dem10/5539.tif
553965	DEM10B	2016-10-01	jgd2000	base/dem10/5539.tif
553966	DEM10B	2016-10-01	jgd2000	base/dem10/5539.tif
553967	DEM10B	2016-10-01	jgd2000	base/dem10/5539.tif
553970	DEM10B	2016-10-01	jgd2000	base/dem10/5539.tif
553971	DEM10B	2016-10-01	jgd2000	base/dem10/5539.tif
553972	DEM10B	2016-10-01	jgd2000	base/dem10/5539.tif
553973	DEM10B	2016-10-01	jgd2000	base/dem10/5539.tif
553974	DEM10B	2016-10-01	jgd2000	base/dem10/5539.tif
553975	DEM10B	2016-10-01	jgd2000	base/dem10/5539.tif
553976	DEM10B	2016-10-01	jgd2000	base/dem10/5539.tif
553977	DEM10B	2016-10-01	jgd2000	base/dem10/5539.tif
554000	DEM10B	2016-10-01	jgd2000	base/dem10/5540.tif
554001	DEM10B	2016-10-01	jgd2000	base/dem10/5540.tif
554002	DEM10B	2016-10-01	jgd2000	base/dem10/5540.tif
554003	DEM10B	2016-10-01	jgd2000	base/dem10/5540.tif
554004	DEM10B	2016-10-01	jgd2000	base/dem10/5540.tif
554005	DEM10B	2016-10-01	jgd2000	base/dem10/5540.tif
554010	DEM10B	2016-10-01	jgd2000	base/dem10/5540.tif
554011	DEM10B	2016-10-01	jgd2000	base/dem10/5540.tif
554012	DEM10B	2016-10-01	jgd2000	base/dem10/5540.tif
554013	DEM10B	2016-10-01	jgd2000	base/dem10/5540.tif
554014	DEM10B	2016-10-01	jgd2000	base/dem10/5540.tif
554015	DEM10B	2016-10-01	jgd2000	base/dem10/5540.tif
554016	DEM10B	2016-10-01	jgd2000	base/dem10/5540.tif
554020	DEM10B	2016-10-01	jgd2000	base/dem10/5540.tif
554021	DEM10B	2016-10-01	jgd2000	base/dem10/5540.tif
554022	DEM10B	2016-10-01	jgd2000	base/dem10/5540.tif
554023	DEM10B	2016-10-01	jgd2000	base/dem10/5540.tif
554024	DEM10B	2016-10-01	jgd2000	base/dem10/5540.tif
554025	DEM10B	2016-10-01	jgd2000	base/dem10/5540.tif
554026	DEM10B	2016-10-01	jgd2000	base/dem10/5540.tif
554030	DEM10B	2016-10-01	jgd2000	base/dem10/5540.tif
554031	DEM10B	2016-10-01	jgd2000	base/dem10/5540.tif
554032	DEM10B	2016-10-01	jgd2000	base/dem10/5540.tif
554033	DEM10B	2016-10-01	jgd2000	base/dem10/5540.tif
554034	DEM10B	2016-10-01	jgd2000	base/dem10/5540.tif
554035	DEM10B	2016-10-01	jgd2000	base/dem10/5540.tif
554036	DEM10B	2016-10-01	jgd2000	base/dem10/5540.tif
554037	DEM10B	2016-10-01	jgd2000	base/dem10/5540.tif
554040	DEM10B	2016-10-01	jgd2000	base/dem10/5540.tif
554041	DEM10B	2016-10-01	jgd2000	base/dem10/5540.tif
554042	DEM10B	2016-10-01	jgd2000	base/dem10/5540.tif
554043	DEM10B	2016-10-01	jgd2000	base/dem10/5540.tif
554044	DEM10B	2016-10-01	jgd2000	base/dem10/5540.tif
554045	DEM10B	2016-10-01	jgd2000	base/dem10/5540.tif
554046	DEM10B	2016-10-01	jgd2000	base/dem10/5540.tif
554047	DEM10B	2016-10-01	jgd2000	base/dem10/5540.tif
554050	DEM10A	2016-10-01	jgd2000	base/dem10/5540.tif
554050	DEM10B	2016-10-01	jgd2000	base/dem10/5540.tif
554051	DEM10B	2016-10-01	jgd2000	base/dem10/5540.tif
554052	DEM10B	2016-10-01	jgd2000	base/dem10/5540.tif
554053	DEM10B	2016-10-01	jgd2000	base/dem10/5540.tif
554054	DEM10B	2016-10-01	jgd2000	base/dem10/5540.tif
554055	DEM10B	2016-10-01	jgd2000	base/dem10/5540.tif
554056	DEM10B	2016-10-01	jgd2000	base/dem10/5540.tif
554057	DEM10B	2016-10-01	jgd2000	base/dem10/5540.tif
554060	DEM10B	2016-10-01	jgd2000	base/dem10/5540.tif
554061	DEM10B	2016-10-01	jgd2000	base/dem10/5540.tif
554062	DEM10B	2016-10-01	jgd2000	base/dem10/5540.tif
554063	DEM10B	2016-10-01	jgd2000	base/dem10/5540.tif
554064	DEM10B	2016-10-01	jgd2000	base/dem10/5540.tif
554065	DEM10B	2016-10-01	jgd2000	base/dem10/5540.tif
554066	DEM10B	2016-10-01	jgd2000	base/dem10/5540.tif
554067	DEM10B	2016-10-01	jgd2000	base/dem10/5540.tif
554070	DEM10B	2016-10-01	jgd2000	base/dem10/5540.tif
554071	DEM10B	2016-10-01	jgd2000	base/dem10/5540.tif
554072	DEM10B	2016-10-01	jgd2000	base/dem10/5540.tif
554073	DEM10B	2016-10-01	jgd2000	base/dem10/5540.tif
554074	DEM10B	2016-10-01	jgd2000	base/dem10/5540.tif
554075	DEM10B	2016-10-01	jgd2000	base/dem10/5540.tif
554076	DEM10B	2016-10-01	jgd2000	base/dem10/5540.tif
554077	DEM10B	2016-10-01	jgd2000	base/dem10/5540.tif
554150	DEM10B	2016-10-01	jgd2000	base/dem10/5541.tif
554160	DEM10B	2016-10-01	jgd2000	base/dem10/5541.tif
554170	DEM10B	2016-10-01	jgd2000	base/dem10/5541.tif
563605	DEM10B	2016-10-01	jgd2000	base/dem10/5636.tif
563606	DEM10B	2016-10-01	jgd2000	base/dem10/5636.tif
563607	DEM10B	2016-10-01	jgd2000	base/dem10/5636.tif
563617	DEM10B	2016-10-01	jgd2000	base/dem10/5636.tif
563626	DEM10B	2016-10-01	jgd2000	base/dem10/5636.tif
563636	DEM10B	2016-10-01	jgd2000	base/dem10/5636.tif
563637	DEM10B	2016-10-01	jgd2000	base/dem10/5636.tif
563667	DEM10B	2016-10-01	jgd2000	base/dem10/5636.tif
563700	DEM10B	2016-10-01	jgd2000	base/dem10/5637.tif
563701	DEM10B	2016-10-01	jgd2000	base/dem10/5637.tif
563702	DEM10B	2016-10-01	jgd2000	base/dem10/5637.tif
563710	DEM10B	2016-10-01	jgd2000	base/dem10/5637.tif
563711	DEM10B	2016-10-01	jgd2000	base/dem10/5637.tif
563712	DEM10B	2016-10-01	jgd2000	base/dem10/5637.tif
563721	DEM10B	2016-10-01	jgd2000	base/dem10/5637.tif
563722	DEM10B	2016-10-01	jgd2000	base/dem10/5637.tif
563803	DEM10B	2016-10-01	jgd2000	base/dem10/5638.tif
563804	DEM10B	2016-10-01	jgd2000	base/dem10/5638.tif
563805	DEM10B	2016-10-01	jgd2000	base/dem10/5638.tif
563806	DEM10B	2016-10-01	jgd2000	base/dem10/5638.tif
563807	DEM10B	2016-10-01	jgd2000	base/dem10/5638.tif
563814	DEM10B	2016-10-01	jgd2000	base/dem10/5638.tif
563815	DEM10B	2016-10-01	jgd2000	base/dem10/5638.tif
563816	DEM10B	2016-10-01	jgd2000	base/dem10/5638.tif
563817	DEM10B	2016-10-01	jgd2000	base/dem10/5638.tif
563825	DEM10B	2016-10-01	jgd2000	base/dem10/5638.tif
563826	DEM10B	2016-10-01	jgd2000	base/dem10/5638.tif
563827	DEM10B	2016-10-01	jgd2000	base/dem10/5638.tif
563835	DEM10B	2016-10-01	jgd2000	base/dem10/5638.tif
563836	DEM10B	2016-10-01	jgd2000	base/dem10/5638.tif
563837	DEM10B	2016-10-01	jgd2000	base/dem10/5638.tif
563846	DEM10B	2016-10-01	jgd2000	base/dem10/5638.tif
563847	DEM10B	2016-10-01	jgd2000	base/dem10/5638.tif
563851	DEM10B	2016-10-01	jgd2000	base/dem10/5638.tif
563852	DEM10B	2016-10-01	jgd2000	base/dem10/5638.tif
563856	DEM10B	2016-10-01	jgd2000	base/dem10/5638.tif
563857	DEM10B	2016-10-01	jgd2000	base/dem10/5638.tif
563861	DEM10B	2016-10-01	jgd2000	base/dem10/5638.tif
563862	DEM10B	2016-10-01	jgd2000	base/dem10/5638.tif
563863	DEM10B	2016-10-01	jgd2000	base/dem10/5638.tif
563866	DEM10B	2016-10-01	jgd2000	base/dem10/5638.tif
563867	DEM10B	2016-10-01	jgd2000	base/dem10/5638.tif
563871	DEM10B	2016-10-01	jgd2000	base/dem10/5638.tif
563872	DEM10B	2016-10-01	jgd2000	base/dem10/5638.tif
563873	DEM10B	2016-10-01	jgd2000	base/dem10/5638.tif
563874	DEM10B	2016-10-01	jgd2000	base/dem10/5638.tif
563900	DEM10B	2016-10-01	jgd2000	base/dem10/5639.tif
563901	DEM10B	2016-10-01	jgd2000	base/dem10/5639.tif
563902	DEM10B	2016-10-01	jgd2000	base/dem10/5639.tif
563903	DEM10B	2016-10-01	jgd2000	base/dem10/5639.tif
563904	DEM10B	2016-10-01	jgd2000	base/dem10/5639.tif
563905	DEM10B	2016-10-01	jgd2000	base/dem10/5639.tif
563906	DEM10B	2016-10-01	jgd2000	base/dem10/5639.tif
563907	DEM10B	2016-10-01	jgd2000	base/dem10/5639.tif
563910	DEM10B	2016-10-01	jgd2000	base/dem10/5639.tif
563911	DEM10B	2016-10-01	jgd2000	base/dem10/5639.tif
563912	DEM10B	2016-10-01	jgd2000	base/dem10/5639.tif
563913	DEM10B	2016-10-01	jgd2000	base/dem10/5639.tif
563914	DEM10B	2016-10-01	jgd2000	base/dem10/5639.tif
563915	DEM10B	2016-10-01	jgd2000	base/dem10/5639.tif
563916	DEM10B	2016-10-01	jgd2000	base/dem10/5639.tif
563917	DEM10B	2016-10-01	jgd2000	base/dem10/5639.tif
563920	DEM10B	2016-10-01	jgd2000	base/dem10/5639.tif
563921	DEM10B	2016-10-01	jgd2000	base/dem10/5639.tif
563922	DEM10B	2016-10-01	jgd2000	base/dem10/5639.tif
563923	DEM10B	2016-10-01	jgd2000	base/dem10/5639.tif
563924	DEM10B	2016-10-01	jgd2000	base/dem10/5639.tif
563925	DEM10B	2016-10-01	jgd2000	base/dem10/5639.tif
563926	DEM10B	2016-10-01	jgd2000	base/dem10/5639.tif
563927	DEM10B	2016-10-01	jgd2000	base/dem10/5639.tif
563930	DEM10B	2016-10-01	jgd2000	base/dem10/5639.tif
563931	DEM10B	2016-10-01	jgd2000	base/dem10/5639.tif
563932	DEM10B	2016-10-01	jgd2000	base/dem10/5639.tif
563933	DEM10B	2016-10-01	jgd2000	base/dem10/5639.tif
563934	DEM10B	2016-10-01	jgd2000	base/dem10/5639.tif
563935	DEM10B	2016-10-01	jgd2000	base/dem10/5639.tif
563936	DEM10B	2016-10-01	jgd2000	base/dem10/5639.tif
563937	DEM10B	2016-10-01	jgd2000	base/dem10/5639.tif
563940	DEM10B	2016-10-01	jgd2000	base/dem10/5639.tif
563941	DEM10B	2016-10-01	jgd2000	base/dem10/5639.tif
563942	DEM10B	2016-10-01	jgd2000	base/dem10/5639.tif
563943	DEM10B	2016-10-01	jgd2000	base/dem10/5639.tif
563944	DEM10B	2016-10-01	jgd2000	base/dem10/5639.tif
563945	DEM10B	2016-10-01	jgd2000	base/dem10/5639.tif
563946	DEM10B	2016-10-01	jgd2000	base/dem10/5639.tif
563947	DEM10B	2016-10-01	jgd2000	base/dem10/5639.tif
563950	DEM10B	2016-10-01	jgd2000	base/dem10/5639.tif
563951	DEM10B	2016-10-01	jgd2000	base/dem10/5639.tif
563952	DEM10B	2016-10-01	jgd2000	base/dem10/5639.tif
563953	DEM10B	2016-10-01	jgd2000	base/dem10/5639.tif
563954	DEM10B	2016-10-01	jgd2000	base/dem10/5639.tif
563955	DEM10B	2016-10-01	jgd2000	base/dem10/5639.tif
563956	DEM10B	2016-10-01	jgd2000	base/dem10/5639.tif
563957	DEM10B	2016-10-01	jgd2000	base/dem10/5639.tif
563960	DEM10B	2016-10-01	jgd2000	base/dem10/5639.tif
563961	DEM10B	2016-10-01	jgd2000	base/dem10/5639.tif
563962	DEM10B	2016-10-01	jgd2000	base/dem10/5639.tif
563963	DEM10B	2016-10-01	jgd2000	base/dem10/5639.tif
563964	DEM10B	2016-10-01	jgd2000	base/dem10/5639.tif
563965	DEM10B	2016-10-01	jgd2000	base/dem10/5639.tif
563966	DEM10B	2016-10-01	jgd2000	base/dem10/5639.tif
563967	DEM10B	2016-10-01	jgd2000	base/dem10/5639.tif
563970	DEM10B	2016-10-01	jgd2000	base/dem10/5639.tif
563971	DEM10B	2016-10-01	jgd2000	base/dem10/5639.tif
563972	DEM10B	2016-10-01	jgd2000	base/dem10/5639.tif
563973	DEM10B	2016-10-01	jgd2000	base/dem10/5639.tif
563974	DEM10B	2016-10-01	jgd2000	base/dem10/5639.tif
563975	DEM10B	2016-10-01	jgd2000	base/dem10/5639.tif
563976	DEM10B	2016-10-01	jgd2000	base/dem10/5639.tif
563977	DEM10B	2016-10-01	jgd2000	base/dem10/5639.tif
564000	DEM10B	2016-10-01	jgd2000	base/dem10/5640.tif
564001	DEM10B	2016-10-01	jgd2000	base/dem10/5640.tif
564002	DEM10B	2016-10-01	jgd2000	base/dem10/5640.tif
564003	DEM10B	2016-10-01	jgd2000	base/dem10/5640.tif
564004	DEM10B	2016-10-01	jgd2000	base/dem10/5640.tif
564005	DEM10B	2016-10-01	jgd2000	base/dem10/5640.tif
564006	DEM10B	2016-10-01	jgd2000	base/dem10/5640.tif
564007	DEM10B	2016-10-01	jgd2000	base/dem10/5640.tif
564010	DEM10B	2016-10-01	jgd2000	base/dem10/5640.tif
564011	DEM10B	2016-10-01	jgd2000	base/dem10/5640.tif
564012	DEM10B	2016-10-01	jgd2000	base/dem10/5640.tif
564013	DEM10B	2016-10-01	jgd2000	base/dem10/5640.tif
564014	DEM10B	2016-10-01	jgd2000	base/dem10/5640.tif
564015	DEM10B	2016-10-01	jgd2000	base/dem10/5640.tif
564016	DEM10B	2016-10-01	jgd2000	base/dem10/5640.tif
564017	DEM10B	2016-10-01	jgd2000	base/dem10/5640.tif
564020	DEM10A	2016-10-01	jgd2000	base/dem10/5640.tif
564020	DEM10B	2016-10-01	jgd2000	base/dem10/5640.tif
564021	DEM10B	2016-10-01	jgd2000	base/dem10/5640.tif
564022	DEM10B	2016-10-01	jgd2000	base/dem10/5640.tif
564023	DEM10B	2016-10-01	jgd2000	base/dem10/5640.tif
564024	DEM10B	2016-10-01	jgd2000	base/dem10/5640.tif
564025	DEM10B	2016-10-01	jgd2000	base/dem10/5640.tif
564026	DEM10B	2016-10-01	jgd2000	base/dem10/5640.tif
564027	DEM10B	2016-10-01	jgd2000	base/dem10/5640.tif
564030	DEM10A	2016-10-01	jgd2000	base/dem10/5640.tif
564030	DEM10B	2016-10-01	jgd2000	base/dem10/5640.tif
564031	DEM10A	2016-10-01	jgd2000	base/dem10/5640.tif
564031	DEM10B	2016-10-01	jgd2000	base/dem10/5640.tif
564032	DEM10A	2016-10-01	jgd2000	base/dem10/5640.tif
564032	DEM10B	2016-10-01	jgd2000	base/dem10/5640.tif
564033	DEM10B	2016-10-01	jgd2000	base/dem10/5640.tif
564034	DEM10B	2016-10-01	jgd2000	base/dem10/5640.tif
564035	DEM10B	2016-10-01	jgd2000	base/dem10/5640.tif
564036	DEM10B	2016-10-01	jgd2000	base/dem10/5640.tif
564037	DEM10B	2016-10-01	jgd2000	base/dem10/5640.tif
564040	DEM10A	2016-10-01	jgd2000	base/dem10/5640.tif
564040	DEM10B	2016-10-01	jgd2000	base/dem10/5640.tif
564041	DEM10B	2016-10-01	jgd2000	base/dem10/5640.tif
564042	DEM10B	2016-10-01	jgd2000	base/dem10/5640.tif
564043	DEM10B	2016-10-01	jgd2000	base/dem10/5640.tif
564044	DEM10B	2016-10-01	jgd2000	base/dem10/5640.tif
564045	DEM10B	2016-10-01	jgd2000	base/dem10/5640.tif
564046	DEM10B	2016-10-01	jgd2000	base/dem10/5640.tif
564047	DEM10B	2016-10-01	jgd2000	base/dem10/5640.tif
564050	DEM10B	2016-10-01	jgd2000	base/dem10/5640.tif
564051	DEM10B	2016-10-01	jgd2000	base/dem10/5640.tif
564052	DEM10B	2016-10-01	jgd2000	base/dem10/5640.tif
564053	DEM10B	2016-10-01	jgd2000	base/dem10/5640.tif
564054	DEM10B	2016-10-01	jgd2000	base/dem10/5640.tif
564055	DEM10B	2016-10-01	jgd2000	base/dem10/5640.tif
564056	DEM10B	2016-10-01	jgd2000	base/dem10/5640.tif
564057	DEM10B	2016-10-01	jgd2000	base/dem10/5640.tif
564060	DEM10B	2016-10-01	jgd2000	base/dem10/5640.tif
564061	DEM10B	2016-10-01	jgd2000	base/dem10/5640.tif
564062	DEM10B	2016-10-01	jgd2000	base/dem10/5640.tif
564063	DEM10B	2016-10-01	jgd2000	base/dem10/5640.tif
564064	DEM10B	2016-10-01	jgd2000	base/dem10/5640.tif
564065	DEM10B	2016-10-01	jgd2000	base/dem10/5640.tif
564066	DEM10B	2016-10-01	jgd2000	base/dem10/5640.tif
564067	DEM10B	2016-10-01	jgd2000	base/dem10/5640.tif
564070	DEM10B	2016-10-01	jgd2000	base/dem10/5640.tif
564071	DEM10B	2016-10-01	jgd2000	base/dem10/5640.tif
564072	DEM10B	2016-10-01	jgd2000	base/dem10/5640.tif
564073	DEM10B	2016-10-01	jgd2000	base/dem10/5640.tif
564074	DEM10B	2016-10-01	jgd2000	base/dem10/5640.tif
564075	DEM10B	2016-10-01	jgd2000	base/dem10/5640.tif
564076	DEM10B	2016-10-01	jgd2000	base/dem10/5640.tif
564077	DEM10B	2016-10-01	jgd2000	base/dem10/5640.tif
564100	DEM10B	2016-10-01	jgd2000	base/dem10/5641.tif
564110	DEM10B	2016-10-01	jgd2000	base/dem10/5641.tif
564120	DEM10B	2016-10-01	jgd2000	base/dem10/5641.tif
564130	DEM10B	2016-10-01	jgd2000	base/dem10/5641.tif
564140	DEM10B	2016-10-01	jgd2000	base/dem10/5641.tif
564150	DEM10B	2016-10-01	jgd2000	base/dem10/5641.tif
573801	DEM10B	2016-10-01	jgd2000	base/dem10/5738.tif
573802	DEM10B	2016-10-01	jgd2000	base/dem10/5738.tif
573803	DEM10B	2016-10-01	jgd2000	base/dem10/5738.tif
573804	DEM10B	2016-10-01	jgd2000	base/dem10/5738.tif
573811	DEM10B	2016-10-01	jgd2000	base/dem10/5738.tif
573812	DEM10B	2016-10-01	jgd2000	base/dem10/5738.tif
573813	DEM10B	2016-10-01	jgd2000	base/dem10/5738.tif
573814	DEM10B	2016-10-01	jgd2000	base/dem10/5738.tif
573822	DEM10B	2016-10-01	jgd2000	base/dem10/5738.tif
573823	DEM10B	2016-10-01	jgd2000	base/dem10/5738.tif
573824	DEM10B	2016-10-01	jgd2000	base/dem10/5738.tif
573833	DEM10B	2016-10-01	jgd2000	base/dem10/5738.tif
573834	DEM10B	2016-10-01	jgd2000	base/dem10/5738.tif
573843	DEM10B	2016-10-01	jgd2000	base/dem10/5738.tif
573844	DEM10B	2016-10-01	jgd2000	base/dem10/5738.tif
573901	DEM10B	2016-10-01	jgd2000	base/dem10/5739.tif
573902	DEM10B	2016-10-01	jgd2000	base/dem10/5739.tif
573903	DEM10B	2016-10-01	jgd2000	base/dem10/5739.tif
573904	DEM10B	2016-10-01	jgd2000	base/dem10/5739.tif
573905	DEM10B	2016-10-01	jgd2000	base/dem10/5739.tif
573906	DEM10B	2016-10-01	jgd2000	base/dem10/5739.tif
573907	DEM10B	2016-10-01	jgd2000	base/dem10/5739.tif
573912	DEM10B	2016-10-01	jgd2000	base/dem10/5739.tif
573913	DEM10B	2016-10-01	jgd2000	base/dem10/5739.tif
573914	DEM10B	2016-10-01	jgd2000	base/dem10/5739.tif
573915	DEM10B	2016-10-01	jgd2000	base/dem10/5739.tif
573916	DEM10B	2016-10-01	jgd2000	base/dem10/5739.tif
573917	DEM10B	2016-10-01	jgd2000	base/dem10/5739.tif
573923	DEM10B	2016-10-01	jgd2000	base/dem10/5739.tif
573924	DEM10B	2016-10-01	jgd2000	base/dem10/5739.tif
573925	DEM10B	2016-10-01	jgd2000	base/dem10/5739.tif
573926	DEM10B	2016-10-01	jgd2000	base/dem10/5739.tif
573927	DEM10B	2016-10-01	jgd2000	base/dem10/5739.tif
573933	DEM10B	2016-10-01	jgd2000	base/dem10/5739.tif
573934	DEM10B	2016-10-01	jgd2000	base/dem10/5739.tif
573935	DEM10B	2016-10-01	jgd2000	base/dem10/5739.tif
573936	DEM10B	2016-10-01	jgd2000	base/dem10/5739.tif
573937	DEM10B	2016-10-01	jgd2000	base/dem10/5739.tif
573943	DEM10B	2016-10-01	jgd2000	base/dem10/5739.tif
573944	DEM10B	2016-10-01	jgd2000	base/dem10/5739.tif
573945	DEM10B	2016-10-01	jgd2000	base/dem10/5739.tif
573946	DEM10B	2016-10-01	jgd2000	base/dem10/5739.tif
573947	DEM10B	2016-10-01	jgd2000	base/dem10/5739.tif
573951	DEM10B	2016-10-01	jgd2000	base/dem10/5739.tif
573952	DEM10B	2016-10-01	jgd2000	base/dem10/5739.tif
573953	DEM10B	2016-10-01	jgd2000	base/dem10/5739.tif
573954	DEM10B	2016-10-01	jgd2000	base/dem10/5739.tif
573955	DEM10B	2016-10-01	jgd2000	base/dem10/5739.tif
573956	DEM10B	2016-10-01	jgd2000	base/dem10/5739.tif
573957	DEM10B	2016-10-01	jgd2000	base/dem10/5739.tif
573964	DEM10B	2016-10-01	jgd2000	base/dem10/5739.tif
573965	DEM10B	2016-10-01	jgd2000	base/dem10/5739.tif
573966	DEM10B	2016-10-01	jgd2000	base/dem10/5739.tif
573967	DEM10B	2016-10-01	jgd2000	base/dem10/5739.tif
573974	DEM10B	2016-10-01	jgd2000	base/dem10/5739.tif
573975	DEM10B	2016-10-01	jgd2000	base/dem10/5739.tif
573976	DEM10B	2016-10-01	jgd2000	base/dem10/5739.tif
573977	DEM10B	2016-10-01	jgd2000	base/dem10/5739.tif
574000	DEM10B	2016-10-01	jgd2000	base/dem10/5740.tif
574001	DEM10B	2016-10-01	jgd2000	base/dem10/5740.tif
574002	DEM10B	2016-10-01	jgd2000	base/dem10/5740.tif
574003	DEM10B	2016-10-01	jgd2000	base/dem10/5740.tif
574004	DEM10B	2016-10-01	jgd2000	base/dem10/5740.tif
574005	DEM10B	2016-10-01	jgd2000	base/dem10/5740.tif
574006	DEM10B	2016-10-01	jgd2000	base/dem10/5740.tif
574007	DEM10B	2016-10-01	jgd2000	base/dem10/5740.tif
574010	DEM10B	2016-10-01	jgd2000	base/dem10/5740.tif
574011	DEM10B	2016-10-01	jgd2000	base/dem10/5740.tif
574012	DEM10B	2016-10-01	jgd2000	base/dem10/5740.tif
574013	DEM10A	2016-10-01	jgd2000	base/dem10/5740.tif
574013	DEM10B	2016-10-01	jgd2000	base/dem10/5740.tif
574014	DEM10A	2016-10-01	jgd2000	base/dem10/5740.tif
574014	DEM10B	2016-10-01	jgd2000	base/dem10/5740.tif
574015	DEM10B	2016-10-01	jgd2000	base/dem10/5740.tif
574016	DEM10B	2016-10-01	jgd2000	base/dem10/5740.tif
574017	DEM10B	2016-10-01	jgd2000	base/dem10/5740.tif
574020	DEM10B	2016-10-01	jgd2000	base/dem10/5740.tif
574021	DEM10B	2016-10-01	jgd2000	base/dem10/5740.tif
574022	DEM10B	2016-10-01	jgd2000	base/dem10/5740.tif
574023	DEM10B	2016-10-01	jgd2000	base/dem10/5740.tif
574024	DEM10B	2016-10-01	jgd2000	base/dem10/5740.tif
574025	DEM10B	2016-10-01	jgd2000	base/dem10/5740.tif
574026	DEM10B	2016-10-01	jgd2000	base/dem10/5740.tif
574027	DEM10B	2016-10-01	jgd2000	base/dem10/5740.tif
574030	DEM10B	2016-10-01	jgd2000	base/dem10/5740.tif
574031	DEM10B	2016-10-01	jgd2000	base/dem10/5740.tif
574032	DEM10B	2016-10-01	jgd2000	base/dem10/5740.tif
574033	DEM10B	2016-10-01	jgd2000	base/dem10/5740.tif
574034	DEM10B	2016-10-01	jgd2000	base/dem10/5740.tif
574035	DEM10B	2016-10-01	jgd2000	base/dem10/5740.tif
574036	DEM10B	2016-10-01	jgd2000	base/dem10/5740.tif
574037	DEM10B	2016-10-01	jgd2000	base/dem10/5740.tif
574040	DEM10B	2016-10-01	jgd2000	base/dem10/5740.tif
574041	DEM10B	2016-10-01	jgd2000	base/dem10/5740.tif
574042	DEM10B	2016-10-01	jgd2000	base/dem10/5740.tif
574043	DEM10B	2016-10-01	jgd2000	base/dem10/5740.tif
574044	DEM10B	2016-10-01	jgd2000	base/dem10/5740.tif
574045	DEM10B	2016-10-01	jgd2000	base/dem10/5740.tif
574046	DEM10B	2016-10-01	jgd2000	base/dem10/5740.tif
574047	DEM10B	2016-10-01	jgd2000	base/dem10/5740.tif
574050	DEM10B	2016-10-01	jgd2000	base/dem10/5740.tif
574051	DEM10B	2016-10-01	jgd2000	base/dem10/5740.tif
574052	DEM10B	2016-10-01	jgd2000	base/dem10/5740.tif
574053	DEM10B	2016-10-01	jgd2000	base/dem10/5740.tif
574054	DEM10B	2016-10-01	jgd2000	base/dem10/5740.tif
574055	DEM10B	2016-10-01	jgd2000	base/dem10/5740.tif
574056	DEM10B	2016-10-01	jgd2000	base/dem10/5740.tif
574057	DEM10B	2016-10-01	jgd2000	base/dem10/5740.tif
574060	DEM10B	2016-10-01	jgd2000	base/dem10/5740.tif
574061	DEM10B	2016-10-01	jgd2000	base/dem10/5740.tif
574062	DEM10B	2016-10-01	jgd2000	base/dem10/5740.tif
574063	DEM10B	2016-10-01	jgd2000	base/dem10/5740.tif
574064	DEM10B	2016-10-01	jgd2000	base/dem10/5740.tif
574065	DEM10B	2016-10-01	jgd2000	base/dem10/5740.tif
574066	DEM10B	2016-10-01	jgd2000	base/dem10/5740.tif
574067	DEM10B	2016-10-01	jgd2000	base/dem10/5740.tif
574070	DEM10B	2016-10-01	jgd2000	base/dem10/5740.tif
574071	DEM10B	2016-10-01	jgd2000	base/dem10/5740.tif
574072	DEM10B	2016-10-01	jgd2000	base/dem10/5740.tif
574073	DEM10B	2016-10-01	jgd2000	base/dem10/5740.tif
574074	DEM10B	2016-10-01	jgd2000	base/dem10/5740.tif
574075	DEM10B	2016-10-01	jgd2000	base/dem10/5740.tif
574076	DEM10B	2016-10-01	jgd2000	base/dem10/5740.tif
574077	DEM10B	2016-10-01	jgd2000	base/dem10/5740.tif
574120	DEM10B	2016-10-01	jgd2000	base/dem10/5741.tif
574123	DEM10B	2016-10-01	jgd2000	base/dem10/5741.tif
574124	DEM10B	2016-10-01	jgd2000	base/dem10/5741.tif
574130	DEM10B	2016-10-01	jgd2000	base/dem10/5741.tif
574131	DEM10B	2016-10-01	jgd2000	base/dem10/5741.tif
574133	DEM10B	2016-10-01	jgd2000	base/dem10/5741.tif
574134	DEM10B	2016-10-01	jgd2000	base/dem10/5741.tif
574140	DEM10B	2016-10-01	jgd2000	base/dem10/5741.tif
574141	DEM10B	2016-10-01	jgd2000	base/dem10/5741.tif
574142	DEM10B	2016-10-01	jgd2000	base/dem10/5741.tif
574143	DEM10B	2016-10-01	jgd2000	base/dem10/5741.tif
574144	DEM10B	2016-10-01	jgd2000	base/dem10/5741.tif
574150	DEM10B	2016-10-01	jgd2000	base/dem10/5741.tif
574151	DEM10B	2016-10-01	jgd2000	base/dem10/5741.tif
574152	DEM10B	2016-10-01	jgd2000	base/dem10/5741.tif
574153	DEM10B	2016-10-01	jgd2000	base/dem10/5741.tif
574154	DEM10B	2016-10-01	jgd2000	base/dem10/5741.tif
574160	DEM10B	2016-10-01	jgd2000	base/dem10/5741.tif
574161	DEM10B	2016-10-01	jgd2000	base/dem10/5741.tif
574162	DEM10B	2016-10-01	jgd2000	base/dem10/5741.tif
574163	DEM10B	2016-10-01	jgd2000	base/dem10/5741.tif
574164	DEM10B	2016-10-01	jgd2000	base/dem10/5741.tif
574170	DEM10B	2016-10-01	jgd2000	base/dem10/5741.tif
574171	DEM10B	2016-10-01	jgd2000	base/dem10/5741.tif
574172	DEM10B	2016-10-01	jgd2000	base/dem10/5741.tif
574173	DEM10B	2016-10-01	jgd2000	base/dem10/5741.tif
574174	DEM10B	2016-10-01	jgd2000	base/dem10/5741.tif
583904	DEM10B	2016-10-01	jgd2000	base/dem10/5839.tif
583905	DEM10B	2016-10-01	jgd2000	base/dem10/5839.tif
583906	DEM10B	2016-10-01	jgd2000	base/dem10/5839.tif
583907	DEM10B	2016-10-01	jgd2000	base/dem10/5839.tif
583915	DEM10B	2016-10-01	jgd2000	base/dem10/5839.tif
583916	DEM10B	2016-10-01	jgd2000	base/dem10/5839.tif
583917	DEM10B	2016-10-01	jgd2000	base/dem10/5839.tif
583926	DEM10B	2016-10-01	jgd2000	base/dem10/5839.tif
583927	DEM10B	2016-10-01	jgd2000	base/dem10/5839.tif
583936	DEM10B	2016-10-01	jgd2000	base/dem10/5839.tif
583937	DEM10B	2016-10-01	jgd2000	base/dem10/5839.tif
583946	DEM10B	2016-10-01	jgd2000	base/dem10/5839.tif
583947	DEM10A	2016-10-01	jgd2000	base/dem10/5839.tif
583947	DEM10B	2016-10-01	jgd2000	base/dem10/5839.tif
583956	DEM10B	2016-10-01	jgd2000	base/dem10/5839.tif
583957	DEM10A	2016-10-01	jgd2000	base/dem10/5839.tif
583957	DEM10B	2016-10-01	jgd2000	base/dem10/5839.tif
583964	DEM10B	2016-10-01	jgd2000	base/dem10/5839.tif
583967	DEM10B	2016-10-01	jgd2000	base/dem10/5839.tif
583977	DEM10B	2016-10-01	jgd2000	base/dem10/5839.tif
584000	DEM10B	2016-10-01	jgd2000	base/dem10/5840.tif
584001	DEM10B	2016-10-01	jgd2000	base/dem10/5840.tif
584002	DEM10B	2016-10-01	jgd2000	base/dem10/5840.tif
584003	DEM10B	2016-10-01	jgd2000	base/dem10/5840.tif
584004	DEM10B	2016-10-01	jgd2000	base/dem10/5840.tif
584005	DEM10B	2016-10-01	jgd2000	base/dem10/5840.tif
584006	DEM10B	2016-10-01	jgd2000	base/dem10/5840.tif
584007	DEM10B	2016-10-01	jgd2000	base/dem10/5840.tif
584010	DEM10B	2016-10-01	jgd2000	base/dem10/5840.tif
584011	DEM10B	2016-10-01	jgd2000	base/dem10/5840.tif
584012	DEM10B	2016-10-01	jgd2000	base/dem10/5840.tif
584013	DEM10B	2016-10-01	jgd2000	base/dem10/5840.tif
584014	DEM10B	2016-10-01	jgd2000	base/dem10/5840.tif
584015	DEM10B	2016-10-01	jgd2000	base/dem10/5840.tif
584016	DEM10B	2016-10-01	jgd2000	base/dem10/5840.tif
584017	DEM10B	2016-10-01	jgd2000	base/dem10/5840.tif
584020	DEM10B	2016-10-01	jgd2000	base/dem10/5840.tif
584021	DEM10B	2016-10-01	jgd2000	base/dem10/5840.tif
584022	DEM10B	2016-10-01	jgd2000	base/dem10/5840.tif
584023	DEM10B	2016-10-01	jgd2000	base/dem10/5840.tif
584024	DEM10B	2016-10-01	jgd2000	base/dem10/5840.tif
584025	DEM10B	2016-10-01	jgd2000	base/dem10/5840.tif
584026	DEM10B	2016-10-01	jgd2000	base/dem10/5840.tif
584027	DEM10B	2016-10-01	jgd2000	base/dem10/5840.tif
584030	DEM10B	2016-10-01	jgd2000	base/dem10/5840.tif
584031	DEM10B	2016-10-01	jgd2000	base/dem10/5840.tif
584032	DEM10B	2016-10-01	jgd2000	base/dem10/5840.tif
584033	DEM10B	2016-10-01	jgd2000	base/dem10/5840.tif
584034	DEM10B	2016-10-01	jgd2000	base/dem10/5840.tif
584035	DEM10B	2016-10-01	jgd2000	base/dem10/5840.tif
584036	DEM10B	2016-10-01	jgd2000	base/dem10/5840.tif
584037	DEM10B	2016-10-01	jgd2000	base/dem10/5840.tif
584040	DEM10A	2016-10-01	jgd2000	base/dem10/5840.tif
584040	DEM10B	2016-10-01	jgd2000	base/dem10/5840.tif
584041	DEM10B	2016-10-01	jgd2000	base/dem10/5840.tif
584042	DEM10B	2016-10-01	jgd2000	base/dem10/5840.tif
584043	DEM10B	2016-10-01	jgd2000	base/dem10/5840.tif
584044	DEM10B	2016-10-01	jgd2000	base/dem10/5840.tif
584045	DEM10B	2016-10-01	jgd2000	base/dem10/5840.tif
584046	DEM10B	2016-10-01	jgd2000	base/dem10/5840.tif
584047	DEM10B	2016-10-01	jgd2000	base/dem10/5840.tif
584050	DEM10A	2016-10-01	jgd2000	base/dem10/5840.tif
584050	DEM10B	2016-10-01	jgd2000	base/dem10/5840.tif
584051	DEM10B	2016-10-01	jgd2000	base/dem10/5840.tif
584052	DEM10B	2016-10-01	jgd2000	base/dem10/5840.tif
584053	DEM10B	2016-10-01	jgd2000	base/dem10/5840.tif
584054	DEM10B	2016-10-01	jgd2000	base/dem10/5840.tif
584055	DEM10B	2016-10-01	jgd2000	base/dem10/5840.tif
584056	DEM10B	2016-10-01	jgd2000	base/dem10/5840.tif
584057	DEM10B	2016-10-01	jgd2000	base/dem10/5840.tif
584060	DEM10B	2016-10-01	jgd2000	base/dem10/5840.tif
584061	DEM10B	2016-10-01	jgd2000	base/dem10/5840.tif
584062	DEM10B	2016-10-01	jgd2000	base/dem10/5840.tif
584063	DEM10B	2016-10-01	jgd2000	base/dem10/5840.tif
584064	DEM10B	2016-10-01	jgd2000	base/dem10/5840.tif
584065	DEM10B	2016-10-01	jgd2000	base/dem10/5840.tif
584066	DEM10B	2016-10-01	jgd2000	base/dem10/5840.tif
584067	DEM10B	2016-10-01	jgd2000	base/dem10/5840.tif
584070	DEM10B	2016-10-01	jgd2000	base/dem10/5840.tif
584071	DEM10B	2016-10-01	jgd2000	base/dem10/5840.tif
584072	DEM10B	2016-10-01	jgd2000	base/dem10/5840.tif
584073	DEM10B	2016-10-01	jgd2000	base/dem10/5840.tif
584074	DEM10B	2016-10-01	jgd2000	base/dem10/5840.tif
584075	DEM10B	2016-10-01	jgd2000	base/dem10/5840.tif
584076	DEM10B	2016-10-01	jgd2000	base/dem10/5840.tif
584077	DEM10B	2016-10-01	jgd2000	base/dem10/5840.tif
584100	DEM10B	2016-10-01	jgd2000	base/dem10/5841.tif
584101	DEM10B	2016-10-01	jgd2000	base/dem10/5841.tif
584102	DEM10B	2016-10-01	jgd2000	base/dem10/5841.tif
584103	DEM10B	2016-10-01	jgd2000	base/dem10/5841.tif
584104	DEM10B	2016-10-01	jgd2000	base/dem10/5841.tif
584110	DEM10B	2016-10-01	jgd2000	base/dem10/5841.tif
584111	DEM10B	2016-10-01	jgd2000	base/dem10/5841.tif
584112	DEM10B	2016-10-01	jgd2000	base/dem10/5841.tif
584113	DEM10B	2016-10-01	jgd2000	base/dem10/5841.tif
584114	DEM10B	2016-10-01	jgd2000	base/dem10/5841.tif
584115	DEM10B	2016-10-01	jgd2000	base/dem10/5841.tif
584120	DEM10B	2016-10-01	jgd2000	base/dem10/5841.tif
584121	DEM10B	2016-10-01	jgd2000	base/dem10/5841.tif
584122	DEM10B	2016-10-01	jgd2000	base/dem10/5841.tif
584123	DEM10B	2016-10-01	jgd2000	base/dem10/5841.tif
584124	DEM10B	2016-10-01	jgd2000	base/dem10/5841.tif
584125	DEM10B	2016-10-01	jgd2000	base/dem10/5841.tif
584130	DEM10B	2016-10-01	jgd2000	base/dem10/5841.tif
584131	DEM10B	2016-10-01	jgd2000	base/dem10/5841.tif
584132	DEM10B	2016-10-01	jgd2000	base/dem10/5841.tif
584133	DEM10B	2016-10-01	jgd2000	base/dem10/5841.tif
584134	DEM10B	2016-10-01	jgd2000	base/dem10/5841.tif
584135	DEM10B	2016-10-01	jgd2000	base/dem10/5841.tif
584140	DEM10B	2016-10-01	jgd2000	base/dem10/5841.tif
584141	DEM10B	2016-10-01	jgd2000	base/dem10/5841.tif
584142	DEM10B	2016-10-01	jgd2000	base/dem10/5841.tif
584143	DEM10B	2016-10-01	jgd2000	base/dem10/5841.tif
584144	DEM10B	2016-10-01	jgd2000	base/dem10/5841.tif
584145	DEM10B	2016-10-01	jgd2000	base/dem10/5841.tif
584146	DEM10B	2016-10-01	jgd2000	base/dem10/5841.tif
584147	DEM10B	2016-10-01	jgd2000	base/dem10/5841.tif
584150	DEM10B	2016-10-01	jgd2000	base/dem10/5841.tif
584151	DEM10B	2016-10-01	jgd2000	base/dem10/5841.tif
584152	DEM10B	2016-10-01	jgd2000	base/dem10/5841.tif
584153	DEM10B	2016-10-01	jgd2000	base/dem10/5841.tif
584154	DEM10B	2016-10-01	jgd2000	base/dem10/5841.tif
584155	DEM10B	2016-10-01	jgd2000	base/dem10/5841.tif
584156	DEM10B	2016-10-01	jgd2000	base/dem10/5841.tif
584157	DEM10B	2016-10-01	jgd2000	base/dem10/5841.tif
584160	DEM10B	2016-10-01	jgd2000	base/dem10/5841.tif
584161	DEM10B	2016-10-01	jgd2000	base/dem10/5841.tif
584162	DEM10B	2016-10-01	jgd2000	base/dem10/5841.tif
584163	DEM10B	2016-10-01	jgd2000	base/dem10/5841.tif
584164	DEM10B	2016-10-01	jgd2000	base/dem10/5841.tif
584165	DEM10B	2016-10-01	jgd2000	base/dem10/5841.tif
584166	DEM10B	2016-10-01	jgd2000	base/dem10/5841.tif
584167	DEM10B	2016-10-01	jgd2000	base/dem10/5841.tif
584170	DEM10B	2016-10-01	jgd2000	base/dem10/5841.tif
584171	DEM10B	2016-10-01	jgd2000	base/dem10/5841.tif
584172	DEM10B	2016-10-01	jgd2000	base/dem10/5841.tif
584173	DEM10B	2016-10-01	jgd2000	base/dem10/5841.tif
584174	DEM10B	2016-10-01	jgd2000	base/dem10/5841.tif
584175	DEM10B	2016-10-01	jgd2000	base/dem10/5841.tif
584176	DEM10B	2016-10-01	jgd2000	base/dem10/5841.tif
584177	DEM10B	2016-10-01	jgd2000	base/dem10/5841.tif
593907	DEM10B	2016-10-01	jgd2000	base/dem10/5939.tif
593965	DEM10B	2016-10-01	jgd2000	base/dem10/5939.tif
593966	DEM10B	2016-10-01	jgd2000	base/dem10/5939.tif
593967	DEM10B	2016-10-01	jgd2000	base/dem10/5939.tif
593975	DEM10B	2016-10-01	jgd2000	base/dem10/5939.tif
593976	DEM10B	2016-10-01	jgd2000	base/dem10/5939.tif
593977	DEM10B	2016-10-01	jgd2000	base/dem10/5939.tif
594000	DEM10B	2016-10-01	jgd2000	base/dem10/5940.tif
594001	DEM10B	2016-10-01	jgd2000	base/dem10/5940.tif
594002	DEM10B	2016-10-01	jgd2000	base/dem10/5940.tif
594003	DEM10B	2016-10-01	jgd2000	base/dem10/5940.tif
594004	DEM10B	2016-10-01	jgd2000	base/dem10/5940.tif
594005	DEM10B	2016-10-01	jgd2000	base/dem10/5940.tif
594006	DEM10B	2016-10-01	jgd2000	base/dem10/5940.tif
594007	DEM10B	2016-10-01	jgd2000	base/dem10/5940.tif
594010	DEM10B	2016-10-01	jgd2000	base/dem10/5940.tif
594011	DEM10B	2016-10-01	jgd2000	base/dem10/5940.tif
594012	DEM10B	2016-10-01	jgd2000	base/dem10/5940.tif
594013	DEM10B	2016-10-01	jgd2000	base/dem10/5940.tif
594014	DEM10B	2016-10-01	jgd2000	base/dem10/5940.tif
594015	DEM10B	2016-10-01	jgd2000	base/dem10/5940.tif
594016	DEM10B	2016-10-01	jgd2000	base/dem10/5940.tif
594017	DEM10B	2016-10-01	jgd2000	base/dem10/5940.tif
594020	DEM10B	2016-10-01	jgd2000	base/dem10/5940.tif
594021	DEM10B	2016-10-01	jgd2000	base/dem10/5940.tif
594022	DEM10B	2016-10-01	jgd2000	base/dem10/5940.tif
594023	DEM10B	2016-10-01	jgd2000	base/dem10/5940.tif
594024	DEM10B	2016-10-01	jgd2000	base/dem10/5940.tif
594025	DEM10B	2016-10-01	jgd2000	base/dem10/5940.tif
594026	DEM10B	2016-10-01	jgd2000	base/dem10/5940.tif
594027	DEM10B	2016-10-01	jgd2000	base/dem10/5940.tif
594030	DEM10B	2016-10-01	jgd2000	base/dem10/5940.tif
594031	DEM10B	2016-10-01	jgd2000	base/dem10/5940.tif
594032	DEM10B	2016-10-01	jgd2000	base/dem10/5940.tif
594033	DEM10B	2016-10-01	jgd2000	base/dem10/5940.tif
594034	DEM10B	2016-10-01	jgd2000	base/dem10/5940.tif
594035	DEM10B	2016-10-01	jgd2000	base/dem10/5940.tif
594036	DEM10B	2016-10-01	jgd2000	base/dem10/5940.tif
594037	DEM10B	2016-10-01	jgd2000	base/dem10/5940.tif
594040	DEM10B	2016-10-01	jgd2000	base/dem10/5940.tif
594041	DEM10B	2016-10-01	jgd2000	base/dem10/5940.tif
594042	DEM10B	2016-10-01	jgd2000	base/dem10/5940.tif
594043	DEM10B	2016-10-01	jgd2000	base/dem10/5940.tif
594044	DEM10B	2016-10-01	jgd2000	base/dem10/5940.tif
594045	DEM10B	2016-10-01	jgd2000	base/dem10/5940.tif
594046	DEM10A	2016-10-01	jgd2000	base/dem10/5940.tif
594046	DEM10B	2016-10-01	jgd2000	base/dem10/5940.tif
594047	DEM10B	2016-10-01	jgd2000	base/dem10/5940.tif
594050	DEM10B	2016-10-01	jgd2000	base/dem10/5940.tif
594051	DEM10B	2016-10-01	jgd2000	base/dem10/5940.tif
594052	DEM10B	2016-10-01	jgd2000	base/dem10/5940.tif
594053	DEM10B	2016-10-01	jgd2000	base/dem10/5940.tif
594054	DEM10B	2016-10-01	jgd2000	base/dem10/5940.tif
594055	DEM10B	2016-10-01	jgd2000	base/dem10/5940.tif
594056	DEM10A	2016-10-01	jgd2000	base/dem10/5940.tif
594056	DEM10B	2016-10-01	jgd2000	base/dem10/5940.tif
594057	DEM10A	2016-10-01	jgd2000	base/dem10/5940.tif
594057	DEM10B	2016-10-01	jgd2000	base/dem10/5940.tif
594060	DEM10B	2016-10-01	jgd2000	base/dem10/5940.tif
594061	DEM10B	2016-10-01	jgd2000	base/dem10/5940.tif
594062	DEM10B	2016-10-01	jgd2000	base/dem10/5940.tif
594063	DEM10B	2016-10-01	jgd2000	base/dem10/5940.tif
594064	DEM10B	2016-10-01	jgd2000	base/dem10/5940.tif
594065	DEM10B	2016-10-01	jgd2000	base/dem10/5940.tif
594066	DEM10B	2016-10-01	jgd2000	base/dem10/5940.tif
594067	DEM10A	2016-10-01	jgd2000	base/dem10/5940.tif
594067	DEM10B	2016-10-01	jgd2000	base/dem10/5940.tif
594070	DEM10B	2016-10-01	jgd2000	base/dem10/5940.tif
594071	DEM10B	2016-10-01	jgd2000	base/dem10/5940.tif
594072	DEM10B	2016-10-01	jgd2000	base/dem10/5940.tif
594073	DEM10B	2016-10-01	jgd2000	base/dem10/5940.tif
594074	DEM10B	2016-10-01	jgd2000	base/dem10/5940.tif
594075	DEM10A	2016-10-01	jgd2000	base/dem10/5940.tif
594075	DEM10B	2016-10-01	jgd2000	base/dem10/5940.tif
594076	DEM10A	2016-10-01	jgd2000	base/dem10/5940.tif
594076	DEM10B	2016-10-01	jgd2000	base/dem10/5940.tif
594077	DEM10B	2016-10-01	jgd2000	base/dem10/5940.tif
594100	DEM10B	2016-10-01	jgd2000	base/dem10/5941.tif
594101	DEM10B	2016-10-01	jgd2000	base/dem10/5941.tif
594102	DEM10B	2016-10-01	jgd2000	base/dem10/5941.tif
594103	DEM10B	2016-10-01	jgd2000	base/dem10/5941.tif
594104	DEM10B	2016-10-01	jgd2000	base/dem10/5941.tif
594105	DEM10B	2016-10-01	jgd2000	base/dem10/5941.tif
594106	DEM10B	2016-10-01	jgd2000	base/dem10/5941.tif
594107	DEM10B	2016-10-01	jgd2000	base/dem10/5941.tif
594110	DEM10B	2016-10-01	jgd2000	base/dem10/5941.tif
594111	DEM10B	2016-10-01	jgd2000	base/dem10/5941.tif
594112	DEM10B	2016-10-01	jgd2000	base/dem10/5941.tif
594113	DEM10B	2016-10-01	jgd2000	base/dem10/5941.tif
594114	DEM10B	2016-10-01	jgd2000	base/dem10/5941.tif
594115	DEM10B	2016-10-01	jgd2000	base/dem10/5941.tif
594116	DEM10B	2016-10-01	jgd2000	base/dem10/5941.tif
594117	DEM10B	2016-10-01	jgd2000	base/dem10/5941.tif
594120	DEM10B	2016-10-01	jgd2000	base/dem10/5941.tif
594121	DEM10B	2016-10-01	jgd2000	base/dem10/5941.tif
594122	DEM10B	2016-10-01	jgd2000	base/dem10/5941.tif
594123	DEM10B	2016-10-01	jgd2000	base/dem10/5941.tif
594124	DEM10B	2016-10-01	jgd2000	base/dem10/5941.tif
594125	DEM10B	2016-10-01	jgd2000	base/dem10/5941.tif
594126	DEM10B	2016-10-01	jgd2000	base/dem10/5941.tif
594127	DEM10B	2016-10-01	jgd2000	base/dem10/5941.tif
594130	DEM10B	2016-10-01	jgd2000	base/dem10/5941.tif
594131	DEM10B	2016-10-01	jgd2000	base/dem10/5941.tif
594132	DEM10B	2016-10-01	jgd2000	base/dem10/5941.tif
594133	DEM10B	2016-10-01	jgd2000	base/dem10/5941.tif
594134	DEM10B	2016-10-01	jgd2000	base/dem10/5941.tif
594135	DEM10B	2016-10-01	jgd2000	base/dem10/5941.tif
594136	DEM10B	2016-10-01	jgd2000	base/dem10/5941.tif
594137	DEM10B	2016-10-01	jgd2000	base/dem10/5941.tif
594140	DEM10B	2016-10-01	jgd2000	base/dem10/5941.tif
594141	DEM10B	2016-10-01	jgd2000	base/dem10/5941.tif
594142	DEM10B	2016-10-01	jgd2000	base/dem10/5941.tif
594143	DEM10B	2016-10-01	jgd2000	base/dem10/5941.tif
594144	DEM10B	2016-10-01	jgd2000	base/dem10/5941.tif
594145	DEM10B	2016-10-01	jgd2000	base/dem10/5941.tif
594146	DEM10B	2016-10-01	jgd2000	base/dem10/5941.tif
594147	DEM10B	2016-10-01	jgd2000	base/dem10/5941.tif
594150	DEM10A	2016-10-01	jgd2000	base/dem10/5941.tif
594150	DEM10B	2016-10-01	jgd2000	base/dem10/5941.tif
594151	DEM10B	2016-10-01	jgd2000	base/dem10/5941.tif
594152	DEM10B	2016-10-01	jgd2000	base/dem10/5941.tif
594153	DEM10B	2016-10-01	jgd2000	base/dem10/5941.tif
594154	DEM10B	2016-10-01	jgd2000	base/dem10/5941.tif
594155	DEM10B	2016-10-01	jgd2000	base/dem10/5941.tif
594156	DEM10B	2016-10-01	jgd2000	base/dem10/5941.tif
594157	DEM10B	2016-10-01	jgd2000	base/dem10/5941.tif
594160	DEM10A	2016-10-01	jgd2000	base/dem10/5941.tif
594160	DEM10B	2016-10-01	jgd2000	base/dem10/5941.tif
594161	DEM10B	2016-10-01	jgd2000	base/dem10/5941.tif
594162	DEM10B	2016-10-01	jgd2000	base/dem10/5941.tif
594163	DEM10B	2016-10-01	jgd2000	base/dem10/5941.tif
594164	DEM10B	2016-10-01	jgd2000	base/dem10/5941.tif
594165	DEM10B	2016-10-01	jgd2000	base/dem10/5941.tif
594166	DEM10B	2016-10-01	jgd2000	base/dem10/5941.tif
594167	DEM10B	2016-10-01	jgd2000	base/dem10/5941.tif
594170	DEM10B	2016-10-01	jgd2000	base/dem10/5941.tif
594171	DEM10B	2016-10-01	jgd2000	base/dem10/5941.tif
594172	DEM10B	2016-10-01	jgd2000	base/dem10/5941.tif
594173	DEM10B	2016-10-01	jgd2000	base/dem10/5941.tif
594174	DEM10B	2016-10-01	jgd2000	base/dem10/5941.tif
594175	DEM10B	2016-10-01	jgd2000	base/dem10/5941.tif
594176	DEM10B	2016-10-01	jgd2000	base/dem10/5941.tif
594177	DEM10B	2016-10-01	jgd2000	base/dem10/5941.tif
594200	DEM10B	2016-10-01	jgd2000	base/dem10/5942.tif
594210	DEM10B	2016-10-01	jgd2000	base/dem10/5942.tif
594220	DEM10B	2016-10-01	jgd2000	base/dem10/5942.tif
594230	DEM10B	2016-10-01	jgd2000	base/dem10/5942.tif
594240	DEM10B	2016-10-01	jgd2000	base/dem10/5942.tif
594250	DEM10B	2016-10-01	jgd2000	base/dem10/5942.tif
603905	DEM10B	2016-10-01	jgd2000	base/dem10/6039.tif
603907	DEM10B	2016-10-01	jgd2000	base/dem10/6039.tif
603917	DEM10B	2016-10-01	jgd2000	base/dem10/6039.tif
603927	DEM10B	2016-10-01	jgd2000	base/dem10/6039.tif
603947	DEM10B	2016-10-01	jgd2000	base/dem10/6039.tif
603957	DEM10B	2016-10-01	jgd2000	base/dem10/6039.tif
603963	DEM10B	2016-10-01	jgd2011	base/dem10/6039-fill.tif
603964	DEM10B	2016-10-01	jgd2011	base/dem10/6039-fill.tif
603966	DEM10B	2016-10-01	jgd2000	base/dem10/6039.tif
603967	DEM10B	2016-10-01	jgd2000	base/dem10/6039.tif
603976	DEM10B	2016-10-01	jgd2000	base/dem10/6039.tif
603977	DEM10B	2016-10-01	jgd2000	base/dem10/6039.tif
604000	DEM10B	2016-10-01	jgd2000	base/dem10/6040.tif
604001	DEM10B	2016-10-01	jgd2000	base/dem10/6040.tif
604002	DEM10B	2016-10-01	jgd2000	base/dem10/6040.tif
604003	DEM10B	2016-10-01	jgd2000	base/dem10/6040.tif
604004	DEM10B	2016-10-01	jgd2000	base/dem10/6040.tif
604005	DEM10A	2016-10-01	jgd2000	base/dem10/6040.tif
604005	DEM10B	2016-10-01	jgd2000	base/dem10/6040.tif
604006	DEM10A	2016-10-01	jgd2000	base/dem10/6040.tif
604006	DEM10B	2016-10-01	jgd2000	base/dem10/6040.tif
604007	DEM10B	2016-10-01	jgd2000	base/dem10/6040.tif
604010	DEM10B	2016-10-01	jgd2000	base/dem10/6040.tif
604011	DEM10B	2016-10-01	jgd2000	base/dem10/6040.tif
604012	DEM10B	2016-10-01	jgd2000	base/dem10/6040.tif
604013	DEM10B	2016-10-01	jgd2000	base/dem10/6040.tif
604014	DEM10B	2016-10-01	jgd2000	base/dem10/6040.tif
604015	DEM10B	2016-10-01	jgd2000	base/dem10/6040.tif
604016	DEM10B	2016-10-01	jgd2000	base/dem10/6040.tif
604017	DEM10B	2016-10-01	jgd2000	base/dem10/6040.tif
604020	DEM10B	2016-10-01	jgd2000	base/dem10/6040.tif
604021	DEM10B	2016-10-01	jgd2000	base/dem10/6040.tif
604022	DEM10B	2016-10-01	jgd2000	base/dem10/6040.tif
604023	DEM10B	2016-10-01	jgd2000	base/dem10/6040.tif
604024	DEM10B	2016-10-01	jgd2000	base/dem10/6040.tif
604025	DEM10B	2016-10-01	jgd2000	base/dem10/6040.tif
604026	DEM10B	2016-10-01	jgd2000	base/dem10/6040.tif
604027	DEM10B	2016-10-01	jgd2000	base/dem10/6040.tif
604030	DEM10B	2016-10-01	jgd2000	base/dem10/6040.tif
604031	DEM10B	2016-10-01	jgd2000	base/dem10/6040.tif
604032	DEM10B	2016-10-01	jgd2000	base/dem10/6040.tif
604033	DEM10B	2016-10-01	jgd2000	base/dem10/6040.tif
604034	DEM10B	2016-10-01	jgd2000	base/dem10/6040.tif
604035	DEM10B	2016-10-01	jgd2000	base/dem10/6040.tif
604036	DEM10B	2016-10-01	jgd2000	base/dem10/6040.tif
604037	DEM10B	2016-10-01	jgd2000	base/dem10/6040.tif
604040	DEM10B	2016-10-01	jgd2000	base/dem10/6040.tif
604041	DEM10B	2016-10-01	jgd2000	base/dem10/6040.tif
604042	DEM10B	2016-10-01	jgd2000	base/dem10/6040.tif
604043	DEM10B	2016-10-01	jgd2000	base/dem10/6040.tif
604044	DEM10B	2016-10-01	jgd2000	base/dem10/6040.tif
604045	DEM10B	2016-10-01	jgd2000	base/dem10/6040.tif
604046	DEM10B	2016-10-01	jgd2000	base/dem10/6040.tif
604047	DEM10B	2016-10-01	jgd2000	base/dem10/6040.tif
604050	DEM10B	2016-10-01	jgd2000	base/dem10/6040.tif
604051	DEM10B	2016-10-01	jgd2000	base/dem10/6040.tif
604052	DEM10B	2016-10-01	jgd2000	base/dem10/6040.tif
604053	DEM10B	2016-10-01	jgd2000	base/dem10/6040.tif
604054	DEM10B	2016-10-01	jgd2000	base/dem10/6040.tif
604055	DEM10B	2016-10-01	jgd2000	base/dem10/6040.tif
604056	DEM10B	2016-10-01	jgd2000	base/dem10/6040.tif
604057	DEM10B	2016-10-01	jgd2000	base/dem10/6040.tif
604060	DEM10B	2016-10-01	jgd2000	base/dem10/6040.tif
604061	DEM10B	2016-10-01	jgd2000	base/dem10/6040.tif
604062	DEM10B	2016-10-01	jgd2000	base/dem10/6040.tif
604063	DEM10B	2016-10-01	jgd2000	base/dem10/6040.tif
604064	DEM10B	2016-10-01	jgd2000	base/dem10/6040.tif
604065	DEM10B	2016-10-01	jgd2000	base/dem10/6040.tif
604066	DEM10B	2016-10-01	jgd2000	base/dem10/6040.tif
604067	DEM10B	2016-10-01	jgd2000	base/dem10/6040.tif
604070	DEM10B	2016-10-01	jgd2000	base/dem10/6040.tif
604071	DEM10A	2016-10-01	jgd2000	base/dem10/6040.tif
604071	DEM10B	2016-10-01	jgd2000	base/dem10/6040.tif
604072	DEM10A	2016-10-01	jgd2000	base/dem10/6040.tif
604072	DEM10B	2016-10-01	jgd2000	base/dem10/6040.tif
604073	DEM10B	2016-10-01	jgd2000	base/dem10/6040.tif
604074	DEM10B	2016-10-01	jgd2000	base/dem10/6040.tif
604075	DEM10B	2016-10-01	jgd2000	base/dem10/6040.tif
604076	DEM10B	2016-10-01	jgd2000	base/dem10/6040.tif
604077	DEM10B	2016-10-01	jgd2000	base/dem10/6040.tif
604100	DEM10B	2016-10-01	jgd2000	base/dem10/6041.tif
604101	DEM10B	2016-10-01	jgd2000	base/dem10/6041.tif
604102	DEM10B	2016-10-01	jgd2000	base/dem10/6041.tif
604103	DEM10B	2016-10-01	jgd2000	base/dem10/6041.tif
604104	DEM10B	2016-10-01	jgd2000	base/dem10/6041.tif
604105	DEM10B	2016-10-01	jgd2000	base/dem10/6041.tif
604106	DEM10B	2016-10-01	jgd2000	base/dem10/6041.tif
604107	DEM10B	2016-10-01	jgd2000	base/dem10/6041.tif
604110	DEM10B	2016-10-01	jgd2000	base/dem10/6041.tif
604111	DEM10B	2016-10-01	jgd2000	base/dem10/6041.tif
604112	DEM10B	2016-10-01	jgd2000	base/dem10/6041.tif
604113	DEM10B	2016-10-01	jgd2000	base/dem10/6041.tif
604114	DEM10B	2016-10-01	jgd2000	base/dem10/6041.tif
604115	DEM10B	2016-10-01	jgd2000	base/dem10/6041.tif
604116	DEM10B	2016-10-01	jgd2000	base/dem10/6041.tif
604117	DEM10B	2016-10-01	jgd2000	base/dem10/6041.tif
604120	DEM10B	2016-10-01	jgd2000	base/dem10/6041.tif
604121	DEM10B	2016-10-01	jgd2000	base/dem10/6041.tif
604122	DEM10B	2016-10-01	jgd2000	base/dem10/6041.tif
604123	DEM10B	2016-10-01	jgd2000	base/dem10/6041.tif
604124	DEM10B	2016-10-01	jgd2000	base/dem10/6041.tif
604125	DEM10B	2016-10-01	jgd2000	base/dem10/6041.tif
604126	DEM10B	2016-10-01	jgd2000	base/dem10/6041.tif
604130	DEM10B	2016-10-01	jgd2000	base/dem10/6041.tif
604131	DEM10B	2016-10-01	jgd2000	base/dem10/6041.tif
604132	DEM10B	2016-10-01	jgd2000	base/dem10/6041.tif
604133	DEM10B	2016-10-01	jgd2000	base/dem10/6041.tif
604134	DEM10B	2016-10-01	jgd2000	base/dem10/6041.tif
604135	DEM10B	2016-10-01	jgd2000	base/dem10/6041.tif
604136	DEM10B	2016-10-01	jgd2000	base/dem10/6041.tif
604140	DEM10B	2016-10-01	jgd2000	base/dem10/6041.tif
604141	DEM10B	2016-10-01	jgd2000	base/dem10/6041.tif
604142	DEM10B	2016-10-01	jgd2000	base/dem10/6041.tif
604143	DEM10B	2016-10-01	jgd2000	base/dem10/6041.tif
604144	DEM10B	2016-10-01	jgd2000	base/dem10/6041.tif
604145	DEM10B	2016-10-01	jgd2000	base/dem10/6041.tif
604146	DEM10B	2016-10-01	jgd2000	base/dem10/6041.tif
604150	DEM10B	2016-10-01	jgd2000	base/dem10/6041.tif
604151	DEM10B	2016-10-01	jgd2000	base/dem10/6041.tif
604152	DEM10B	2016-10-01	jgd2000	base/dem10/6041.tif
604153	DEM10B	2016-10-01	jgd2000	base/dem10/6041.tif
604154	DEM10B	2016-10-01	jgd2000	base/dem10/6041.tif
604155	DEM10B	2016-10-01	jgd2000	base/dem10/6041.tif
604160	DEM10B	2016-10-01	jgd2000	base/dem10/6041.tif
604161	DEM10B	2016-10-01	jgd2000	base/dem10/6041.tif
604162	DEM10B	2016-10-01	jgd2000	base/dem10/6041.tif
604163	DEM10B	2016-10-01	jgd2000	base/dem10/6041.tif
604164	DEM10B	2016-10-01	jgd2000	base/dem10/6041.tif
604170	DEM10B	2016-10-01	jgd2000	base/dem10/6041.tif
604171	DEM10B	2016-10-01	jgd2000	base/dem10/6041.tif
604172	DEM10B	2016-10-01	jgd2000	base/dem10/6041.tif
604173	DEM10B	2016-10-01	jgd2000	base/dem10/6041.tif
613907	DEM10B	2016-10-01	jgd2000	base/dem10/6139.tif
614000	DEM10B	2016-10-01	jgd2000	base/dem10/6140.tif
614001	DEM10A	2016-10-01	jgd2000	base/dem10/6140.tif
614001	DEM10B	2016-10-01	jgd2000	base/dem10/6140.tif
614002	DEM10A	2016-10-01	jgd2000	base/dem10/6140.tif
614002	DEM10B	2016-10-01	jgd2000	base/dem10/6140.tif
614003	DEM10B	2016-10-01	jgd2000	base/dem10/6140.tif
614004	DEM10B	2016-10-01	jgd2000	base/dem10/6140.tif
614005	DEM10B	2016-10-01	jgd2000	base/dem10/6140.tif
614006	DEM10B	2016-10-01	jgd2000	base/dem10/6140.tif
614007	DEM10B	2016-10-01	jgd2000	base/dem10/6140.tif
614010	DEM10B	2016-10-01	jgd2000	base/dem10/6140.tif
614011	DEM10B	2016-10-01	jgd2000	base/dem10/6140.tif
614012	DEM10B	2016-10-01	jgd2000	base/dem10/6140.tif
614013	DEM10B	2016-10-01	jgd2000	base/dem10/6140.tif
614014	DEM10B	2016-10-01	jgd2000	base/dem10/6140.tif
614015	DEM10B	2016-10-01	jgd2000	base/dem10/6140.tif
614016	DEM10B	2016-10-01	jgd2000	base/dem10/6140.tif
614017	DEM10B	2016-10-01	jgd2000	base/dem10/6140.tif
614022	DEM10B	2016-10-01	jgd2000	base/dem10/6140.tif
614023	DEM10B	2016-10-01	jgd2000	base/dem10/6140.tif
614024	DEM10B	2016-10-01	jgd2000	base/dem10/6140.tif
614025	DEM10B	2016-10-01	jgd2000	base/dem10/6140.tif
614026	DEM10B	2016-10-01	jgd2000	base/dem10/6140.tif
614027	DEM10B	2016-10-01	jgd2000	base/dem10/6140.tif
614032	DEM10B	2016-10-01	jgd2000	base/dem10/6140.tif
614033	DEM10B	2016-10-01	jgd2000	base/dem10/6140.tif
614034	DEM10B	2016-10-01	jgd2000	base/dem10/6140.tif
614035	DEM10B	2016-10-01	jgd2000	base/dem10/6140.tif
614036	DEM10B	2016-10-01	jgd2000	base/dem10/6140.tif
614037	DEM10B	2016-10-01	jgd2000	base/dem10/6140.tif
614042	DEM10B	2016-10-01	jgd2000	base/dem10/6140.tif
614043	DEM10B	2016-10-01	jgd2000	base/dem10/6140.tif
614044	DEM10B	2016-10-01	jgd2000	base/dem10/6140.tif
614045	DEM10B	2016-10-01	jgd2000	base/dem10/6140.tif
614046	DEM10B	2016-10-01	jgd2000	base/dem10/6140.tif
614047	DEM10B	2016-10-01	jgd2000	base/dem10/6140.tif
614051	DEM10B	2016-10-01	jgd2000	base/dem10/6140.tif
614052	DEM10B	2016-10-01	jgd2000	base/dem10/6140.tif
614053	DEM10B	2016-10-01	jgd2000	base/dem10/6140.tif
614054	DEM10B	2016-10-01	jgd2000	base/dem10/6140.tif
614055	DEM10B	2016-10-01	jgd2000	base/dem10/6140.tif
614056	DEM10B	2016-10-01	jgd2000	base/dem10/6140.tif
614057	DEM10B	2016-10-01	jgd2000	base/dem10/6140.tif
614062	DEM10B	2016-10-01	jgd2000	base/dem10/6140.tif
614063	DEM10B	2016-10-01	jgd2000	base/dem10/6140.tif
614064	DEM10B	2016-10-01	jgd2000	base/dem10/6140.tif
614065	DEM10B	2016-10-01	jgd2000	base/dem10/6140.tif
614066	DEM10B	2016-10-01	jgd2000	base/dem10/6140.tif
614067	DEM10B	2016-10-01	jgd2000	base/dem10/6140.tif
614072	DEM10B	2016-10-01	jgd2000	base/dem10/6140.tif
614076	DEM10B	2016-10-01	jgd2000	base/dem10/6140.tif
614077	DEM10B	2016-10-01	jgd2000	base/dem10/6140.tif
614100	DEM10B	2016-10-01	jgd2000	base/dem10/6141.tif
614101	DEM10B	2016-10-01	jgd2000	base/dem10/6141.tif
614102	DEM10B	2016-10-01	jgd2000	base/dem10/6141.tif
614103	DEM10B	2016-10-01	jgd2000	base/dem10/6141.tif
614110	DEM10B	2016-10-01	jgd2000	base/dem10/6141.tif
614111	DEM10B	2016-10-01	jgd2000	base/dem10/6141.tif
614112	DEM10B	2016-10-01	jgd2000	base/dem10/6141.tif
614113	DEM10B	2016-10-01	jgd2000	base/dem10/6141.tif
614120	DEM10B	2016-10-01	jgd2000	base/dem10/6141.tif
614121	DEM10B	2016-10-01	jgd2000	base/dem10/6141.tif
614122	DEM10B	2016-10-01	jgd2000	base/dem10/6141.tif
614123	DEM10B	2016-10-01	jgd2000	base/dem10/6141.tif
614130	DEM10B	2016-10-01	jgd2000	base/dem10/6141.tif
614131	DEM10B	2016-10-01	jgd2000	base/dem10/6141.tif
614132	DEM10B	2016-10-01	jgd2000	base/dem10/6141.tif
614133	DEM10B	2016-10-01	jgd2000	base/dem10/6141.tif
614141	DEM10B	2016-10-01	jgd2000	base/dem10/6141.tif
614142	DEM10B	2016-10-01	jgd2000	base/dem10/6141.tif
614143	DEM10B	2016-10-01	jgd2000	base/dem10/6141.tif
614151	DEM10B	2016-10-01	jgd2000	base/dem10/6141.tif
614152	DEM10B	2016-10-01	jgd2000	base/dem10/6141.tif
614153	DEM10B	2016-10-01	jgd2000	base/dem10/6141.tif
614160	DEM10B	2016-10-01	jgd2000	base/dem10/6141.tif
614161	DEM10B	2016-10-01	jgd2000	base/dem10/6141.tif
614162	DEM10B	2016-10-01	jgd2000	base/dem10/6141.tif
614163	DEM10B	2016-10-01	jgd2000	base/dem10/6141.tif
614170	DEM10B	2016-10-01	jgd2000	base/dem10/6141.tif
614171	DEM10B	2016-10-01	jgd2000	base/dem10/6141.tif
614172	DEM10B	2016-10-01	jgd2000	base/dem10/6141.tif
614173	DEM10B	2016-10-01	jgd2000	base/dem10/6141.tif
623906	DEM10B	2016-10-01	jgd2000	base/dem10/6239.tif
623912	DEM10B	2016-10-01	jgd2000	base/dem10/6239.tif
623922	DEM10B	2016-10-01	jgd2000	base/dem10/6239.tif
623923	DEM10B	2016-10-01	jgd2000	base/dem10/6239.tif
623927	DEM10B	2016-10-01	jgd2000	base/dem10/6239.tif
623937	DEM10B	2016-10-01	jgd2000	base/dem10/6239.tif
624000	DEM10B	2016-10-01	jgd2000	base/dem10/6240.tif
624001	DEM10B	2016-10-01	jgd2000	base/dem10/6240.tif
624006	DEM10B	2016-10-01	jgd2000	base/dem10/6240.tif
624007	DEM10B	2016-10-01	jgd2000	base/dem10/6240.tif
624010	DEM10B	2016-10-01	jgd2000	base/dem10/6240.tif
624011	DEM10B	2016-10-01	jgd2000	base/dem10/6240.tif
624012	DEM10B	2016-10-01	jgd2000	base/dem10/6240.tif
624016	DEM10B	2016-10-01	jgd2000	base/dem10/6240.tif
624017	DEM10B	2016-10-01	jgd2000	base/dem10/6240.tif
624020	DEM10B	2016-10-01	jgd2000	base/dem10/6240.tif
624021	DEM10B	2016-10-01	jgd2000	base/dem10/6240.tif
624022	DEM10B	2016-10-01	jgd2000	base/dem10/6240.tif
624023	DEM10B	2016-10-01	jgd2000	base/dem10/6240.tif
624027	DEM10B	2016-10-01	jgd2000	base/dem10/6240.tif
624030	DEM10B	2016-10-01	jgd2000	base/dem10/6240.tif
624031	DEM10B	2016-10-01	jgd2000	base/dem10/6240.tif
624032	DEM10B	2016-10-01	jgd2000	base/dem10/6240.tif
624033	DEM10B	2016-10-01	jgd2000	base/dem10/6240.tif
624040	DEM10B	2016-10-01	jgd2000	base/dem10/6240.tif
624041	DEM10B	2016-10-01	jgd2000	base/dem10/6240.tif
624042	DEM10B	2016-10-01	jgd2000	base/dem10/6240.tif
624043	DEM10B	2016-10-01	jgd2000	base/dem10/6240.tif
624044	DEM10B	2016-10-01	jgd2000	base/dem10/6240.tif
624045	DEM10B	2016-10-01	jgd2000	base/dem10/6240.tif
624047	DEM10B	2016-10-01	jgd2000	base/dem10/6240.tif
624050	DEM10B	2016-10-01	jgd2000	base/dem10/6240.tif
624051	DEM10B	2016-10-01	jgd2000	base/dem10/6240.tif
624052	DEM10B	2016-10-01	jgd2000	base/dem10/6240.tif
624053	DEM10B	2016-10-01	jgd2000	base/dem10/6240.tif
624054	DEM10B	2016-10-01	jgd2000	base/dem10/6240.tif
624055	DEM10B	2016-10-01	jgd2000	base/dem10/6240.tif
624056	DEM10B	2016-10-01	jgd2000	base/dem10/6240.tif
624057	DEM10B	2016-10-01	jgd2000	base/dem10/6240.tif
624060	DEM10B	2016-10-01	jgd2000	base/dem10/6240.tif
624061	DEM10B	2016-10-01	jgd2000	base/dem10/6240.tif
624062	DEM10B	2016-10-01	jgd2000	base/dem10/6240.tif
624063	DEM10B	2016-10-01	jgd2000	base/dem10/6240.tif
624064	DEM10B	2016-10-01	jgd2000	base/dem10/6240.tif
624065	DEM10B	2016-10-01	jgd2000	base/dem10/6240.tif
624066	DEM10B	2016-10-01	jgd2000	base/dem10/6240.tif
624067	DEM10B	2016-10-01	jgd2000	base/dem10/6240.tif
624070	DEM10B	2016-10-01	jgd2000	base/dem10/6240.tif
624071	DEM10B	2016-10-01	jgd2000	base/dem10/6240.tif
624072	DEM10B	2016-10-01	jgd2000	base/dem10/6240.tif
624073	DEM10B	2016-10-01	jgd2000	base/dem10/6240.tif
624074	DEM10B	2016-10-01	jgd2000	base/dem10/6240.tif
624075	DEM10B	2016-10-01	jgd2000	base/dem10/6240.tif
624076	DEM10B	2016-10-01	jgd2000	base/dem10/6240.tif
624077	DEM10B	2016-10-01	jgd2000	base/dem10/6240.tif
624100	DEM10B	2016-10-01	jgd2000	base/dem10/6241.tif
624101	DEM10B	2016-10-01	jgd2000	base/dem10/6241.tif
624102	DEM10B	2016-10-01	jgd2000	base/dem10/6241.tif
624103	DEM10B	2016-10-01	jgd2000	base/dem10/6241.tif
624110	DEM10B	2016-10-01	jgd2000	base/dem10/6241.tif
624111	DEM10B	2016-10-01	jgd2000	base/dem10/6241.tif
624113	DEM10B	2016-10-01	jgd2000	base/dem10/6241.tif
624140	DEM10B	2016-10-01	jgd2000	base/dem10/6241.tif
624150	DEM10B	2016-10-01	jgd2000	base/dem10/6241.tif
624151	DEM10B	2016-10-01	jgd2000	base/dem10/6241.tif
624160	DEM10B	2016-10-01	jgd2000	base/dem10/6241.tif
624161	DEM10B	2016-10-01	jgd2000	base/dem10/6241.tif
624362	DEM10B	2016-10-01	jgd2000	base/dem10/6243.tif
624371	DEM10B	2016-10-01	jgd2000	base/dem10/6243.tif
624372	DEM10B	2016-10-01	jgd2000	base/dem10/6243.tif
633903	DEM10B	2016-10-01	jgd2000	base/dem10/6339.tif
633913	DEM10B	2016-10-01	jgd2000	base/dem10/6339.tif
633914	DEM10B	2016-10-01	jgd2000	base/dem10/6339.tif
633917	DEM10B	2016-10-01	jgd2000	base/dem10/6339.tif
633923	DEM10B	2016-10-01	jgd2000	base/dem10/6339.tif
633924	DEM10B	2016-10-01	jgd2000	base/dem10/6339.tif
633926	DEM10B	2016-10-01	jgd2000	base/dem10/6339.tif
633927	DEM10B	2016-10-01	jgd2000	base/dem10/6339.tif
633934	DEM10B	2016-10-01	jgd2000	base/dem10/6339.tif
633936	DEM10B	2016-10-01	jgd2000	base/dem10/6339.tif
633937	DEM10B	2016-10-01	jgd2000	base/dem10/6339.tif
633946	DEM10B	2016-10-01	jgd2000	base/dem10/6339.tif
633947	DEM10B	2016-10-01	jgd2000	base/dem10/6339.tif
633956	DEM10B	2016-10-01	jgd2000	base/dem10/6339.tif
633957	DEM10B	2016-10-01	jgd2000	base/dem10/6339.tif
633966	DEM10B	2016-10-01	jgd2000	base/dem10/6339.tif
633967	DEM10B	2016-10-01	jgd2000	base/dem10/6339.tif
633976	DEM10B	2016-10-01	jgd2000	base/dem10/6339.tif
633977	DEM10B	2016-10-01	jgd2000	base/dem10/6339.tif
634000	DEM10B	2016-10-01	jgd2000	base/dem10/6340.tif
634001	DEM10B	2016-10-01	jgd2000	base/dem10/6340.tif
634002	DEM10B	2016-10-01	jgd2000	base/dem10/6340.tif
634003	DEM10B	2016-10-01	jgd2000	base/dem10/6340.tif
634004	DEM10B	2016-10-01	jgd2000	base/dem10/6340.tif
634005	DEM10B	2016-10-01	jgd2000	base/dem10/6340.tif
634006	DEM10B	2016-10-01	jgd2000	base/dem10/6340.tif
634007	DEM10B	2016-10-01	jgd2000	base/dem10/6340.tif
634010	DEM10B	2016-10-01	jgd2000	base/dem10/6340.tif
634011	DEM10B	2016-10-01	jgd2000	base/dem10/6340.tif
634012	DEM10B	2016-10-01	jgd2000	base/dem10/6340.tif
634013	DEM10B	2016-10-01	jgd2000	base/dem10/6340.tif
634014	DEM10B	2016-10-01	jgd2000	base/dem10/6340.tif
634015	DEM10B	2016-10-01	jgd2000	base/dem10/6340.tif
634016	DEM10B	2016-10-01	jgd2000	base/dem10/6340.tif
634020	DEM10B	2016-10-01	jgd2000	base/dem10/6340.tif
634021	DEM10B	2016-10-01	jgd2000	base/dem10/6340.tif
634022	DEM10B	2016-10-01	jgd2000	base/dem10/6340.tif
634023	DEM10B	2016-10-01	jgd2000	base/dem10/6340.tif
634030	DEM10B	2016-10-01	jgd2000	base/dem10/6340.tif
634031	DEM10B	2016-10-01	jgd2000	base/dem10/6340.tif
634032	DEM10B	2016-10-01	jgd2000	base/dem10/6340.tif
634037	DEM10B	2016-10-01	jgd2000	base/dem10/6340.tif
634040	DEM10B	2016-10-01	jgd2000	base/dem10/6340.tif
634041	DEM10B	2016-10-01	jgd2000	base/dem10/6340.tif
634042	DEM10B	2016-10-01	jgd2000	base/dem10/6340.tif
634047	DEM10B	2016-10-01	jgd2000	base/dem10/6340.tif
634050	DEM10B	2016-10-01	jgd2000	base/dem10/6340.tif
634051	DEM10B	2016-10-01	jgd2000	base/dem10/6340.tif
634052	DEM10B	2016-10-01	jgd2000	base/dem10/6340.tif
634056	DEM10A	2016-10-01	jgd2000	base/dem10/6340.tif
634056	DEM10B	2016-10-01	jgd2000	base/dem10/6340.tif
634057	DEM10A	2016-10-01	jgd2000	base/dem10/6340.tif
634057	DEM10B	2016-10-01	jgd2000	base/dem10/6340.tif
634060	DEM10B	2016-10-01	jgd2000	base/dem10/6340.tif
634061	DEM10B	2016-10-01	jgd2000	base/dem10/6340.tif
634062	DEM10B	2016-10-01	jgd2000	base/dem10/6340.tif
634063	DEM10B	2016-10-01	jgd2000	base/dem10/6340.tif
634064	DEM10B	2016-10-01	jgd2000	base/dem10/6340.tif
634065	DEM10B	2016-10-01	jgd2000	base/dem10/6340.tif
634066	DEM10A	2016-10-01	jgd2000	base/dem10/6340.tif
634066	DEM10B	2016-10-01	jgd2000	base/dem10/6340.tif
634067	DEM10A	2016-10-01	jgd2000	base/dem10/6340.tif
634067	DEM10B	2016-10-01	jgd2000	base/dem10/6340.tif
634070	DEM10B	2016-10-01	jgd2000	base/dem10/6340.tif
634071	DEM10B	2016-10-01	jgd2000	base/dem10/6340.tif
634072	DEM10B	2016-10-01	jgd2000	base/dem10/6340.tif
634073	DEM10B	2016-10-01	jgd2000	base/dem10/6340.tif
634074	DEM10B	2016-10-01	jgd2000	base/dem10/6340.tif
634075	DEM10B	2016-10-01	jgd2000	base/dem10/6340.tif
634076	DEM10B	2016-10-01	jgd2000	base/dem10/6340.tif
634077	DEM10B	2016-10-01	jgd2000	base/dem10/6340.tif
634130	DEM10B	2016-10-01	jgd2000	base/dem10/6341.tif
634140	DEM10B	2016-10-01	jgd2000	base/dem10/6341.tif
634150	DEM10B	2016-10-01	jgd2000	base/dem10/6341.tif
634151	DEM10B	2016-10-01	jgd2000	base/dem10/6341.tif
634152	DEM10B	2016-10-01	jgd2000	base/dem10/6341.tif
634160	DEM10B	2016-10-01	jgd2000	base/dem10/6341.tif
634161	DEM10B	2016-10-01	jgd2000	base/dem10/6341.tif
634162	DEM10B	2016-10-01	jgd2000	base/dem10/6341.tif
634163	DEM10B	2016-10-01	jgd2000	base/dem10/6341.tif
634166	DEM10B	2016-10-01	jgd2000	base/dem10/6341.tif
634167	DEM10B	2016-10-01	jgd2000	base/dem10/6341.tif
634170	DEM10B	2016-10-01	jgd2000	base/dem10/6341.tif
634171	DEM10B	2016-10-01	jgd2000	base/dem10/6341.tif
634172	DEM10B	2016-10-01	jgd2000	base/dem10/6341.tif
634173	DEM10B	2016-10-01	jgd2000	base/dem10/6341.tif
634174	DEM10B	2016-10-01	jgd2000	base/dem10/6341.tif
634175	DEM10B	2016-10-01	jgd2000	base/dem10/6341.tif
634176	DEM10B	2016-10-01	jgd2000	base/dem10/6341.tif
634177	DEM10B	2016-10-01	jgd2000	base/dem10/6341.tif
634216	DEM10B	2016-10-01	jgd2000	base/dem10/6342.tif
634217	DEM10B	2016-10-01	jgd2000	base/dem10/6342.tif
634224	DEM10B	2016-10-01	jgd2000	base/dem10/6342.tif
634225	DEM10B	2016-10-01	jgd2000	base/dem10/6342.tif
634226	DEM10B	2016-10-01	jgd2000	base/dem10/6342.tif
634227	DEM10B	2016-10-01	jgd2000	base/dem10/6342.tif
634232	DEM10B	2016-10-01	jgd2000	base/dem10/6342.tif
634233	DEM10B	2016-10-01	jgd2000	base/dem10/6342.tif
634234	DEM10B	2016-10-01	jgd2000	base/dem10/6342.tif
634235	DEM10B	2016-10-01	jgd2000	base/dem10/6342.tif
634236	DEM10B	2016-10-01	jgd2000	base/dem10/6342.tif
634237	DEM10B	2016-10-01	jgd2000	base/dem10/6342.tif
634241	DEM10B	2016-10-01	jgd2000	base/dem10/6342.tif
634242	DEM10B	2016-10-01	jgd2000	base/dem10/6342.tif
634243	DEM10B	2016-10-01	jgd2000	base/dem10/6342.tif
634244	DEM10B	2016-10-01	jgd2000	base/dem10/6342.tif
634245	DEM10B	2016-10-01	jgd2000	base/dem10/6342.tif
634246	DEM10B	2016-10-01	jgd2000	base/dem10/6342.tif
634247	DEM10B	2016-10-01	jgd2000	base/dem10/6342.tif
634250	DEM10B	2016-10-01	jgd2000	base/dem10/6342.tif
634251	DEM10B	2016-10-01	jgd2000	base/dem10/6342.tif
634252	DEM10B	2016-10-01	jgd2000	base/dem10/6342.tif
634253	DEM10B	2016-10-01	jgd2000	base/dem10/6342.tif
634254	DEM10B	2016-10-01	jgd2000	base/dem10/6342.tif
634255	DEM10B	2016-10-01	jgd2000	base/dem10/6342.tif
634256	DEM10B	2016-10-01	jgd2000	base/dem10/6342.tif
634257	DEM10B	2016-10-01	jgd2000	base/dem10/6342.tif
634260	DEM10B	2016-10-01	jgd2000	base/dem10/6342.tif
634261	DEM10B	2016-10-01	jgd2000	base/dem10/6342.tif
634262	DEM10B	2016-10-01	jgd2000	base/dem10/6342.tif
634263	DEM10B	2016-10-01	jgd2000	base/dem10/6342.tif
634264	DEM10B	2016-10-01	jgd2000	base/dem10/6342.tif
634265	DEM10B	2016-10-01	jgd2000	base/dem10/6342.tif
634266	DEM10B	2016-10-01	jgd2000	base/dem10/6342.tif
634267	DEM10B	2016-10-01	jgd2000	base/dem10/6342.tif
634270	DEM10B	2016-10-01	jgd2000	base/dem10/6342.tif
634271	DEM10B	2016-10-01	jgd2000	base/dem10/6342.tif
634272	DEM10B	2016-10-01	jgd2000	base/dem10/6342.tif
634273	DEM10B	2016-10-01	jgd2000	base/dem10/6342.tif
634274	DEM10B	2016-10-01	jgd2000	base/dem10/6342.tif
634275	DEM10B	2016-10-01	jgd2000	base/dem10/6342.tif
634276	DEM10B	2016-10-01	jgd2000	base/dem10/6342.tif
634277	DEM10B	2016-10-01	jgd2000	base/dem10/6342.tif
634300	DEM10B	2016-10-01	jgd2000	base/dem10/6343.tif
634301	DEM10B	2016-10-01	jgd2000	base/dem10/6343.tif
634302	DEM10B	2016-10-01	jgd2000	base/dem10/6343.tif
634310	DEM10B	2016-10-01	jgd2000	base/dem10/6343.tif
634311	DEM10B	2016-10-01	jgd2000	base/dem10/6343.tif
634312	DEM10B	2016-10-01	jgd2000	base/dem10/6343.tif
634320	DEM10B	2016-10-01	jgd2000	base/dem10/6343.tif
634321	DEM10B	2016-10-01	jgd2000	base/dem10/6343.tif
634322	DEM10B	2016-10-01	jgd2000	base/dem10/6343.tif
634330	DEM10B	2016-10-01	jgd2000	base/dem10/6343.tif
634331	DEM10B	2016-10-01	jgd2000	base/dem10/6343.tif
634332	DEM10B	2016-10-01	jgd2000	base/dem10/6343.tif
634340	DEM10B	2016-10-01	jgd2000	base/dem10/6343.tif
634341	DEM10B	2016-10-01	jgd2000	base/dem10/6343.tif
634342	DEM10B	2016-10-01	jgd2000	base/dem10/6343.tif
634343	DEM10B	2016-10-01	jgd2000	base/dem10/6343.tif
634350	DEM10B	2016-10-01	jgd2000	base/dem10/6343.tif
634351	DEM10B	2016-10-01	jgd2000	base/dem10/6343.tif
634352	DEM10B	2016-10-01	jgd2000	base/dem10/6343.tif
634353	DEM10B	2016-10-01	jgd2000	base/dem10/6343.tif
634360	DEM10B	2016-10-01	jgd2000	base/dem10/6343.tif
634361	DEM10B	2016-10-01	jgd2000	base/dem10/6343.tif
634362	DEM10B	2016-10-01	jgd2000	base/dem10/6343.tif
634363	DEM10B	2016-10-01	jgd2000	base/dem10/6343.tif
634364	DEM10B	2016-10-01	jgd2000	base/dem10/6343.tif
634370	DEM10B	2016-10-01	jgd2000	base/dem10/6343.tif
634371	DEM10B	2016-10-01	jgd2000	base/dem10/6343.tif
634372	DEM10B	2016-10-01	jgd2000	base/dem10/6343.tif
634373	DEM10B	2016-10-01	jgd2000	base/dem10/6343.tif
634374	DEM10B	2016-10-01	jgd2000	base/dem10/6343.tif
634375	DEM10B	2016-10-01	jgd2000	base/dem10/6343.tif
643906	DEM10B	2016-10-01	jgd2000	base/dem10/6439.tif
643907	DEM10B	2016-10-01	jgd2000	base/dem10/6439.tif
644000	DEM10B	2016-10-01	jgd2000	base/dem10/6440.tif
644001	DEM10B	2016-10-01	jgd2000	base/dem10/6440.tif
644002	DEM10B	2016-10-01	jgd2000	base/dem10/6440.tif
644003	DEM10B	2016-10-01	jgd2000	base/dem10/6440.tif
644004	DEM10B	2016-10-01	jgd2000	base/dem10/6440.tif
644005	DEM10B	2016-10-01	jgd2000	base/dem10/6440.tif
644006	DEM10B	2016-10-01	jgd2000	base/dem10/6440.tif
644007	DEM10B	2016-10-01	jgd2000	base/dem10/6440.tif
644011	DEM10B	2016-10-01	jgd2000	base/dem10/6440.tif
644012	DEM10B	2016-10-01	jgd2000	base/dem10/6440.tif
644013	DEM10B	2016-10-01	jgd2000	base/dem10/6440.tif
644014	DEM10B	2016-10-01	jgd2000	base/dem10/6440.tif
644015	DEM10B	2016-10-01	jgd2000	base/dem10/6440.tif
644016	DEM10B	2016-10-01	jgd2011	base/dem10/6440-fill.tif
644017	DEM10B	2016-10-01	jgd2000	base/dem10/6440.tif
644022	DEM10B	2016-10-01	jgd2000	base/dem10/6440.tif
644023	DEM10B	2016-10-01	jgd2000	base/dem10/6440.tif
644024	DEM10B	2016-10-01	jgd2000	base/dem10/6440.tif
644025	DEM10B	2016-10-01	jgd2000	base/dem10/6440.tif
644026	DEM10B	2016-10-01	jgd2000	base/dem10/6440.tif
644027	DEM10B	2016-10-01	jgd2000	base/dem10/6440.tif
644033	DEM10B	2016-10-01	jgd2000	base/dem10/6440.tif
644034	DEM10B	2016-10-01	jgd2000	base/dem10/6440.tif
644035	DEM10B	2016-10-01	jgd2000	base/dem10/6440.tif
644036	DEM10B	2016-10-01	jgd2000	base/dem10/6440.tif
644037	DEM10B	2016-10-01	jgd2000	base/dem10/6440.tif
644043	DEM10B	2016-10-01	jgd2000	base/dem10/6440.tif
644044	DEM10B	2016-10-01	jgd2000	base/dem10/6440.tif
644045	DEM10B	2016-10-01	jgd2000	base/dem10/6440.tif
644046	DEM10B	2016-10-01	jgd2000	base/dem10/6440.tif
644047	DEM10B	2016-10-01	jgd2000	base/dem10/6440.tif
644053	DEM10B	2016-10-01	jgd2000	base/dem10/6440.tif
644054	DEM10B	2016-10-01	jgd2000	base/dem10/6440.tif
644055	DEM10B	2016-10-01	jgd2000	base/dem10/6440.tif
644056	DEM10B	2016-10-01	jgd2000	base/dem10/6440.tif
644057	DEM10B	2016-10-01	jgd2000	base/dem10/6440.tif
644062	DEM10B	2016-10-01	jgd2000	base/dem10/6440.tif
644063	DEM10B	2016-10-01	jgd2000	base/dem10/6440.tif
644064	DEM10B	2016-10-01	jgd2000	base/dem10/6440.tif
644065	DEM10B	2016-10-01	jgd2000	base/dem10/6440.tif
644066	DEM10B	2016-10-01	jgd2000	base/dem10/6440.tif
644067	DEM10B	2016-10-01	jgd2000	base/dem10/6440.tif
644072	DEM10B	2016-10-01	jgd2000	base/dem10/6440.tif
644073	DEM10B	2016-10-01	jgd2000	base/dem10/6440.tif
644074	DEM10B	2016-10-01	jgd2000	base/dem10/6440.tif
644075	DEM10B	2016-10-01	jgd2000	base/dem10/6440.tif
644100	DEM10B	2016-10-01	jgd2000	base/dem10/6441.tif
644101	DEM10B	2016-10-01	jgd2000	base/dem10/6441.tif
644102	DEM10B	2016-10-01	jgd2000	base/dem10/6441.tif
644103	DEM10B	2016-10-01	jgd2000	base/dem10/6441.tif
644104	DEM10B	2016-10-01	jgd2000	base/dem10/6441.tif
644105	DEM10B	2016-10-01	jgd2000	base/dem10/6441.tif
644106	DEM10B	2016-10-01	jgd2000	base/dem10/6441.tif
644107	DEM10B	2016-10-01	jgd2000	base/dem10/6441.tif
644110	DEM10B	2016-10-01	jgd2000	base/dem10/6441.tif
644111	DEM10B	2016-10-01	jgd2000	base/dem10/6441.tif
644112	DEM10B	2016-10-01	jgd2000	base/dem10/6441.tif
644113	DEM10B	2016-10-01	jgd2000	base/dem10/6441.tif
644114	DEM10B	2016-10-01	jgd2000	base/dem10/6441.tif
644115	DEM10B	2016-10-01	jgd2000	base/dem10/6441.tif
644116	DEM10B	2016-10-01	jgd2000	base/dem10/6441.tif
644117	DEM10B	2016-10-01	jgd2000	base/dem10/6441.tif
644120	DEM10B	2016-10-01	jgd2000	base/dem10/6441.tif
644121	DEM10B	2016-10-01	jgd2000	base/dem10/6441.tif
644122	DEM10B	2016-10-01	jgd2000	base/dem10/6441.tif
644123	DEM10B	2016-10-01	jgd2000	base/dem10/6441.tif
644124	DEM10B	2016-10-01	jgd2000	base/dem10/6441.tif
644125	DEM10B	2016-10-01	jgd2000	base/dem10/6441.tif
644126	DEM10B	2016-10-01	jgd2000	base/dem10/6441.tif
644127	DEM10B	2016-10-01	jgd2000	base/dem10/6441.tif
644130	DEM10B	2016-10-01	jgd2000	base/dem10/6441.tif
644131	DEM10B	2016-10-01	jgd2000	base/dem10/6441.tif
644132	DEM10B	2016-10-01	jgd2000	base/dem10/6441.tif
644133	DEM10B	2016-10-01	jgd2000	base/dem10/6441.tif
644134	DEM10B	2016-10-01	jgd2000	base/dem10/6441.tif
644135	DEM10B	2016-10-01	jgd2000	base/dem10/6441.tif
644136	DEM10B	2016-10-01	jgd2000	base/dem10/6441.tif
644137	DEM10B	2016-10-01	jgd2000	base/dem10/6441.tif
644140	DEM10B	2016-10-01	jgd2000	base/dem10/6441.tif
644141	DEM10B	2016-10-01	jgd2000	base/dem10/6441.tif
644142	DEM10B	2016-10-01	jgd2000	base/dem10/6441.tif
644143	DEM10B	2016-10-01	jgd2000	base/dem10/6441.tif
644144	DEM10B	2016-10-01	jgd2000	base/dem10/6441.tif
644145	DEM10B	2016-10-01	jgd2000	base/dem10/6441.tif
644146	DEM10B	2016-10-01	jgd2000	base/dem10/6441.tif
644147	DEM10B	2016-10-01	jgd2000	base/dem10/6441.tif
644150	DEM10B	2016-10-01	jgd2000	base/dem10/6441.tif
644151	DEM10B	2016-10-01	jgd2000	base/dem10/6441.tif
644152	DEM10B	2016-10-01	jgd2000	base/dem10/6441.tif
644153	DEM10B	2016-10-01	jgd2000	base/dem10/6441.tif
644154	DEM10B	2016-10-01	jgd2000	base/dem10/6441.tif
644155	DEM10B	2016-10-01	jgd2000	base/dem10/6441.tif
644156	DEM10B	2016-10-01	jgd2000	base/dem10/6441.tif
644157	DEM10B	2016-10-01	jgd2000	base/dem10/6441.tif
644160	DEM10B	2016-10-01	jgd2000	base/dem10/6441.tif
644161	DEM10B	2016-10-01	jgd2000	base/dem10/6441.tif
644162	DEM10B	2016-10-01	jgd2000	base/dem10/6441.tif
644163	DEM10B	2016-10-01	jgd2000	base/dem10/6441.tif
644164	DEM10B	2016-10-01	jgd2000	base/dem10/6441.tif
644165	DEM10B	2016-10-01	jgd2000	base/dem10/6441.tif
644166	DEM10B	2016-10-01	jgd2000	base/dem10/6441.tif
644167	DEM10B	2016-10-01	jgd2000	base/dem10/6441.tif
644172	DEM10B	2016-10-01	jgd2000	base/dem10/6441.tif
644173	DEM10B	2016-10-01	jgd2000	base/dem10/6441.tif
644174	DEM10B	2016-10-01	jgd2000	base/dem10/6441.tif
644175	DEM10B	2016-10-01	jgd2000	base/dem10/6441.tif
644176	DEM10B	2016-10-01	jgd2000	base/dem10/6441.tif
644177	DEM10B	2016-10-01	jgd2000	base/dem10/6441.tif
644200	DEM10B	2016-10-01	jgd2000	base/dem10/6442.tif
644201	DEM10B	2016-10-01	jgd2000	base/dem10/6442.tif
644202	DEM10B	2016-10-01	jgd2000	base/dem10/6442.tif
644203	DEM10B	2016-10-01	jgd2000	base/dem10/6442.tif
644204	DEM10B	2016-10-01	jgd2000	base/dem10/6442.tif
644205	DEM10B	2016-10-01	jgd2000	base/dem10/6442.tif
644206	DEM10B	2016-10-01	jgd2000	base/dem10/6442.tif
644207	DEM10B	2016-10-01	jgd2000	base/dem10/6442.tif
644210	DEM10B	2016-10-01	jgd2000	base/dem10/6442.tif
644211	DEM10B	2016-10-01	jgd2000	base/dem10/6442.tif
644212	DEM10B	2016-10-01	jgd2000	base/dem10/6442.tif
644213	DEM10B	2016-10-01	jgd2000	base/dem10/6442.tif
644214	DEM10B	2016-10-01	jgd2000	base/dem10/6442.tif
644215	DEM10B	2016-10-01	jgd2000	base/dem10/6442.tif
644216	DEM10B	2016-10-01	jgd2000	base/dem10/6442.tif
644217	DEM10B	2016-10-01	jgd2000	base/dem10/6442.tif
644220	DEM10B	2016-10-01	jgd2000	base/dem10/6442.tif
644221	DEM10B	2016-10-01	jgd2000	base/dem10/6442.tif
644222	DEM10B	2016-10-01	jgd2000	base/dem10/6442.tif
644223	DEM10B	2016-10-01	jgd2000	base/dem10/6442.tif
644224	DEM10B	2016-10-01	jgd2000	base/dem10/6442.tif
644225	DEM10B	2016-10-01	jgd2000	base/dem10/6442.tif
644226	DEM10B	2016-10-01	jgd2000	base/dem10/6442.tif
644227	DEM10B	2016-10-01	jgd2000	base/dem10/6442.tif
644230	DEM10B	2016-10-01	jgd2000	base/dem10/6442.tif
644231	DEM10B	2016-10-01	jgd2000	base/dem10/6442.tif
644232	DEM10B	2016-10-01	jgd2000	base/dem10/6442.tif
644233	DEM10B	2016-10-01	jgd2000	base/dem10/6442.tif
644234	DEM10B	2016-10-01	jgd2000	base/dem10/6442.tif
644235	DEM10B	2016-10-01	jgd2000	base/dem10/6442.tif
644236	DEM10B	2016-10-01	jgd2000	base/dem10/6442.tif
644237	DEM10B	2016-10-01	jgd2000	base/dem10/6442.tif
644240	DEM10B	2016-10-01	jgd2000	base/dem10/6442.tif
644241	DEM10B	2016-10-01	jgd2000	base/dem10/6442.tif
644242	DEM10B	2016-10-01	jgd2000	base/dem10/6442.tif
644243	DEM10B	2016-10-01	jgd2000	base/dem10/6442.tif
644244	DEM10B	2016-10-01	jgd2000	base/dem10/6442.tif
644245	DEM10B	2016-10-01	jgd2000	base/dem10/6442.tif
644246	DEM10B	2016-10-01	jgd2000	base/dem10/6442.tif
644247	DEM10B	2016-10-01	jgd2000	base/dem10/6442.tif
644250	DEM10B	2016-10-01	jgd2000	base/dem10/6442.tif
644251	DEM10B	2016-10-01	jgd2000	base/dem10/6442.tif
644252	DEM10B	2016-10-01	jgd2000	base/dem10/6442.tif
644253	DEM10B	2016-10-01	jgd2000	base/dem10/6442.tif
644254	DEM10B	2016-10-01	jgd2000	base/dem10/6442.tif
644255	DEM10B	2016-10-01	jgd2000	base/dem10/6442.tif
644256	DEM10B	2016-10-01	jgd2000	base/dem10/6442.tif
644257	DEM10B	2016-10-01	jgd2000	base/dem10/6442.tif
644260	DEM10B	2016-10-01	jgd2000	base/dem10/6442.tif
644261	DEM10B	2016-10-01	jgd2000	base/dem10/6442.tif
644262	DEM10B	2016-10-01	jgd2000	base/dem10/6442.tif
644263	DEM10B	2016-10-01	jgd2000	base/dem10/6442.tif
644264	DEM10B	2016-10-01	jgd2000	base/dem10/6442.tif
644265	DEM10B	2016-10-01	jgd2000	base/dem10/6442.tif
644266	DEM10B	2016-10-01	jgd2000	base/dem10/6442.tif
644267	DEM10B	2016-10-01	jgd2000	base/dem10/6442.tif
644270	DEM10B	2016-10-01	jgd2000	base/dem10/6442.tif
644271	DEM10B	2016-10-01	jgd2000	base/dem10/6442.tif
644272	DEM10B	2016-10-01	jgd2000	base/dem10/6442.tif
644273	DEM10B	2016-10-01	jgd2000	base/dem10/6442.tif
644274	DEM10B	2016-10-01	jgd2000	base/dem10/6442.tif
644275	DEM10B	2016-10-01	jgd2000	base/dem10/6442.tif
644276	DEM10B	2016-10-01	jgd2000	base/dem10/6442.tif
644277	DEM10B	2016-10-01	jgd2000	base/dem10/6442.tif
644300	DEM10B	2016-10-01	jgd2000	base/dem10/6443.tif
644301	DEM10B	2016-10-01	jgd2000	base/dem10/6443.tif
644302	DEM10B	2016-10-01	jgd2000	base/dem10/6443.tif
644303	DEM10B	2016-10-01	jgd2000	base/dem10/6443.tif
644304	DEM10B	2016-10-01	jgd2000	base/dem10/6443.tif
644305	DEM10B	2016-10-01	jgd2000	base/dem10/6443.tif
644310	DEM10B	2016-10-01	jgd2000	base/dem10/6443.tif
644311	DEM10B	2016-10-01	jgd2000	base/dem10/6443.tif
644312	DEM10B	2016-10-01	jgd2000	base/dem10/6443.tif
644313	DEM10B	2016-10-01	jgd2000	base/dem10/6443.tif
644314	DEM10B	2016-10-01	jgd2000	base/dem10/6443.tif
644315	DEM10B	2016-10-01	jgd2000	base/dem10/6443.tif
644316	DEM10B	2016-10-01	jgd2000	base/dem10/6443.tif
644320	DEM10B	2016-10-01	jgd2000	base/dem10/6443.tif
644321	DEM10B	2016-10-01	jgd2000	base/dem10/6443.tif
644322	DEM10B	2016-10-01	jgd2000	base/dem10/6443.tif
644323	DEM10B	2016-10-01	jgd2000	base/dem10/6443.tif
644324	DEM10B	2016-10-01	jgd2000	base/dem10/6443.tif
644325	DEM10B	2016-10-01	jgd2000	base/dem10/6443.tif
644326	DEM10B	2016-10-01	jgd2000	base/dem10/6443.tif
644327	DEM10B	2016-10-01	jgd2000	base/dem10/6443.tif
644330	DEM10B	2016-10-01	jgd2000	base/dem10/6443.tif
644331	DEM10B	2016-10-01	jgd2000	base/dem10/6443.tif
644332	DEM10B	2016-10-01	jgd2000	base/dem10/6443.tif
644333	DEM10B	2016-10-01	jgd2000	base/dem10/6443.tif
644334	DEM10B	2016-10-01	jgd2000	base/dem10/6443.tif
644335	DEM10B	2016-10-01	jgd2000	base/dem10/6443.tif
644336	DEM10B	2016-10-01	jgd2000	base/dem10/6443.tif
644337	DEM10B	2016-10-01	jgd2000	base/dem10/6443.tif
644340	DEM10B	2016-10-01	jgd2000	base/dem10/6443.tif
644341	DEM10B	2016-10-01	jgd2000	base/dem10/6443.tif
644342	DEM10B	2016-10-01	jgd2000	base/dem10/6443.tif
644343	DEM10B	2016-10-01	jgd2000	base/dem10/6443.tif
644344	DEM10B	2016-10-01	jgd2000	base/dem10/6443.tif
644345	DEM10B	2016-10-01	jgd2000	base/dem10/6443.tif
644346	DEM10B	2016-10-01	jgd2000	base/dem10/6443.tif
644347	DEM10B	2016-10-01	jgd2000	base/dem10/6443.tif
644350	DEM10B	2016-10-01	jgd2000	base/dem10/6443.tif
644351	DEM10B	2016-10-01	jgd2000	base/dem10/6443.tif
644352	DEM10B	2016-10-01	jgd2000	base/dem10/6443.tif
644353	DEM10B	2016-10-01	jgd2000	base/dem10/6443.tif
644354	DEM10B	2016-10-01	jgd2000	base/dem10/6443.tif
644355	DEM10B	2016-10-01	jgd2000	base/dem10/6443.tif
644356	DEM10B	2016-10-01	jgd2000	base/dem10/6443.tif
644357	DEM10B	2016-10-01	jgd2000	base/dem10/6443.tif
644360	DEM10B	2016-10-01	jgd2000	base/dem10/6443.tif
644361	DEM10B	2016-10-01	jgd2000	base/dem10/6443.tif
644362	DEM10B	2016-10-01	jgd2000	base/dem10/6443.tif
644363	DEM10B	2016-10-01	jgd2000	base/dem10/6443.tif
644364	DEM10B	2016-10-01	jgd2000	base/dem10/6443.tif
644365	DEM10B	2016-10-01	jgd2000	base/dem10/6443.tif
644366	DEM10B	2016-10-01	jgd2000	base/dem10/6443.tif
644367	DEM10B	2016-10-01	jgd2000	base/dem10/6443.tif
644370	DEM10B	2016-10-01	jgd2000	base/dem10/6443.tif
644371	DEM10B	2016-10-01	jgd2000	base/dem10/6443.tif
644372	DEM10B	2016-10-01	jgd2000	base/dem10/6443.tif
644373	DEM10B	2016-10-01	jgd2000	base/dem10/6443.tif
644374	DEM10B	2016-10-01	jgd2000	base/dem10/6443.tif
644375	DEM10B	2016-10-01	jgd2000	base/dem10/6443.tif
644376	DEM10B	2016-10-01	jgd2000	base/dem10/6443.tif
644377	DEM10B	2016-10-01	jgd2000	base/dem10/6443.tif
644430	DEM10B	2016-10-01	jgd2000	base/dem10/6444.tif
644431	DEM10B	2016-10-01	jgd2000	base/dem10/6444.tif
644432	DEM10B	2016-10-01	jgd2000	base/dem10/6444.tif
644433	DEM10B	2016-10-01	jgd2000	base/dem10/6444.tif
644434	DEM10B	2016-10-01	jgd2000	base/dem10/6444.tif
644435	DEM10B	2016-10-01	jgd2000	base/dem10/6444.tif
644436	DEM10B	2016-10-01	jgd2000	base/dem10/6444.tif
644437	DEM10B	2016-10-01	jgd2000	base/dem10/6444.tif
644440	DEM10B	2016-10-01	jgd2000	base/dem10/6444.tif
644441	DEM10B	2016-10-01	jgd2000	base/dem10/6444.tif
644442	DEM10B	2016-10-01	jgd2000	base/dem10/6444.tif
644443	DEM10B	2016-10-01	jgd2000	base/dem10/6444.tif
644444	DEM10B	2016-10-01	jgd2000	base/dem10/6444.tif
644445	DEM10B	2016-10-01	jgd2000	base/dem10/6444.tif
644446	DEM10B	2016-10-01	jgd2000	base/dem10/6444.tif
644447	DEM10B	2016-10-01	jgd2000	base/dem10/6444.tif
644450	DEM10B	2016-10-01	jgd2000	base/dem10/6444.tif
644451	DEM10B	2016-10-01	jgd2000	base/dem10/6444.tif
644452	DEM10B	2016-10-01	jgd2000	base/dem10/6444.tif
644453	DEM10B	2016-10-01	jgd2000	base/dem10/6444.tif
644454	DEM10B	2016-10-01	jgd2000	base/dem10/6444.tif
644455	DEM10B	2016-10-01	jgd2000	base/dem10/6444.tif
644456	DEM10B	2016-10-01	jgd2000	base/dem10/6444.tif
644457	DEM10B	2016-10-01	jgd2000	base/dem10/6444.tif
644460	DEM10B	2016-10-01	jgd2000	base/dem10/6444.tif
644461	DEM10B	2016-10-01	jgd2000	base/dem10/6444.tif
644462	DEM10B	2016-10-01	jgd2000	base/dem10/6444.tif
644463	DEM10B	2016-10-01	jgd2000	base/dem10/6444.tif
644464	DEM10B	2016-10-01	jgd2000	base/dem10/6444.tif
644465	DEM10B	2016-10-01	jgd2000	base/dem10/6444.tif
644466	DEM10B	2016-10-01	jgd2000	base/dem10/6444.tif
644467	DEM10B	2016-10-01	jgd2000	base/dem10/6444.tif
644470	DEM10B	2016-10-01	jgd2000	base/dem10/6444.tif
644471	DEM10B	2016-10-01	jgd2000	base/dem10/6444.tif
644472	DEM10B	2016-10-01	jgd2000	base/dem10/6444.tif
644473	DEM10B	2016-10-01	jgd2000	base/dem10/6444.tif
644474	DEM10B	2016-10-01	jgd2000	base/dem10/6444.tif
644475	DEM10B	2016-10-01	jgd2000	base/dem10/6444.tif
644476	DEM10B	2016-10-01	jgd2000	base/dem10/6444.tif
644477	DEM10B	2016-10-01	jgd2000	base/dem10/6444.tif
644530	DEM10B	2016-10-01	jgd2000	base/dem10/6445.tif
644540	DEM10B	2016-10-01	jgd2000	base/dem10/6445.tif
644541	DEM10B	2016-10-01	jgd2000	base/dem10/6445.tif
644550	DEM10B	2016-10-01	jgd2000	base/dem10/6445.tif
644551	DEM10B	2016-10-01	jgd2000	base/dem10/6445.tif
644552	DEM10B	2016-10-01	jgd2000	base/dem10/6445.tif
644553	DEM10B	2016-10-01	jgd2000	base/dem10/6445.tif
644554	DEM10B	2016-10-01	jgd2000	base/dem10/6445.tif
644560	DEM10B	2016-10-01	jgd2000	base/dem10/6445.tif
644561	DEM10B	2016-10-01	jgd2000	base/dem10/6445.tif
644562	DEM10B	2016-10-01	jgd2000	base/dem10/6445.tif
644563	DEM10B	2016-10-01	jgd2000	base/dem10/6445.tif
644564	DEM10B	2016-10-01	jgd2000	base/dem10/6445.tif
644570	DEM10B	2016-10-01	jgd2000	base/dem10/6445.tif
644571	DEM10B	2016-10-01	jgd2000	base/dem10/6445.tif
644572	DEM10B	2016-10-01	jgd2000	base/dem10/6445.tif
644573	DEM10B	2016-10-01	jgd2000	base/dem10/6445.tif
644574	DEM10B	2016-10-01	jgd2000	base/dem10/6445.tif
644575	DEM10B	2016-10-01	jgd2000	base/dem10/6445.tif
644576	DEM10B	2016-10-01	jgd2000	base/dem10/6445.tif
654002	DEM10B	2016-10-01	jgd2000	base/dem10/6540.tif
654003	DEM10B	2016-10-01	jgd2000	base/dem10/6540.tif
654004	DEM10B	2016-10-01	jgd2000	base/dem10/6540.tif
654103	DEM10B	2016-10-01	jgd2000	base/dem10/6541.tif
654104	DEM10B	2016-10-01	jgd2000	base/dem10/6541.tif
654105	DEM10B	2016-10-01	jgd2000	base/dem10/6541.tif
654106	DEM10B	2016-10-01	jgd2000	base/dem10/6541.tif
654107	DEM10B	2016-10-01	jgd2000	base/dem10/6541.tif
654112	DEM10B	2016-10-01	jgd2000	base/dem10/6541.tif
654113	DEM10B	2016-10-01	jgd2000	base/dem10/6541.tif
654114	DEM10B	2016-10-01	jgd2000	base/dem10/6541.tif
654115	DEM10B	2016-10-01	jgd2000	base/dem10/6541.tif
654116	DEM10B	2016-10-01	jgd2000	base/dem10/6541.tif
654117	DEM10B	2016-10-01	jgd2000	base/dem10/6541.tif
654122	DEM10B	2016-10-01	jgd2000	base/dem10/6541.tif
654123	DEM10B	2016-10-01	jgd2000	base/dem10/6541.tif
654124	DEM10B	2016-10-01	jgd2000	base/dem10/6541.tif
654125	DEM10B	2016-10-01	jgd2000	base/dem10/6541.tif
654126	DEM10B	2016-10-01	jgd2000	base/dem10/6541.tif
654127	DEM10B	2016-10-01	jgd2000	base/dem10/6541.tif
654132	DEM10B	2016-10-01	jgd2000	base/dem10/6541.tif
654133	DEM10B	2016-10-01	jgd2000	base/dem10/6541.tif
654134	DEM10B	2016-10-01	jgd2000	base/dem10/6541.tif
654135	DEM10B	2016-10-01	jgd2000	base/dem10/6541.tif
654136	DEM10B	2016-10-01	jgd2000	base/dem10/6541.tif
654137	DEM10B	2016-10-01	jgd2000	base/dem10/6541.tif
654142	DEM10B	2016-10-01	jgd2000	base/dem10/6541.tif
654143	DEM10B	2016-10-01	jgd2000	base/dem10/6541.tif
654144	DEM10B	2016-10-01	jgd2000	base/dem10/6541.tif
654145	DEM10B	2016-10-01	jgd2000	base/dem10/6541.tif
654146	DEM10B	2016-10-01	jgd2000	base/dem10/6541.tif
654147	DEM10B	2016-10-01	jgd2000	base/dem10/6541.tif
654152	DEM10B	2016-10-01	jgd2000	base/dem10/6541.tif
654153	DEM10B	2016-10-01	jgd2000	base/dem10/6541.tif
654154	DEM10B	2016-10-01	jgd2000	base/dem10/6541.tif
654155	DEM10B	2016-10-01	jgd2000	base/dem10/6541.tif
654156	DEM10B	2016-10-01	jgd2000	base/dem10/6541.tif
654157	DEM10B	2016-10-01	jgd2000	base/dem10/6541.tif
654163	DEM10B	2016-10-01	jgd2000	base/dem10/6541.tif
654164	DEM10B	2016-10-01	jgd2000	base/dem10/6541.tif
654165	DEM10B	2016-10-01	jgd2000	base/dem10/6541.tif
654166	DEM10B	2016-10-01	jgd2000	base/dem10/6541.tif
654167	DEM10B	2016-10-01	jgd2000	base/dem10/6541.tif
654174	DEM10B	2016-10-01	jgd2000	base/dem10/6541.tif
654175	DEM10B	2016-10-01	jgd2000	base/dem10/6541.tif
654176	DEM10B	2016-10-01	jgd2000	base/dem10/6541.tif
654177	DEM10B	2016-10-01	jgd2000	base/dem10/6541.tif
654200	DEM10B	2016-10-01	jgd2000	base/dem10/6542.tif
654201	DEM10B	2016-10-01	jgd2000	base/dem10/6542.tif
654202	DEM10B	2016-10-01	jgd2000	base/dem10/6542.tif
654203	DEM10B	2016-10-01	jgd2000	base/dem10/6542.tif
654204	DEM10B	2016-10-01	jgd2000	base/dem10/6542.tif
654205	DEM10B	2016-10-01	jgd2000	base/dem10/6542.tif
654206	DEM10B	2016-10-01	jgd2000	base/dem10/6542.tif
654207	DEM10B	2016-10-01	jgd2000	base/dem10/6542.tif
654210	DEM10B	2016-10-01	jgd2000	base/dem10/6542.tif
654211	DEM10B	2016-10-01	jgd2000	base/dem10/6542.tif
654212	DEM10B	2016-10-01	jgd2000	base/dem10/6542.tif
654213	DEM10B	2016-10-01	jgd2000	base/dem10/6542.tif
654214	DEM10B	2016-10-01	jgd2000	base/dem10/6542.tif
654215	DEM10B	2016-10-01	jgd2000	base/dem10/6542.tif
654216	DEM10B	2016-10-01	jgd2000	base/dem10/6542.tif
654217	DEM10B	2016-10-01	jgd2000	base/dem10/6542.tif
654220	DEM10B	2016-10-01	jgd2000	base/dem10/6542.tif
654221	DEM10B	2016-10-01	jgd2000	base/dem10/6542.tif
654222	DEM10B	2016-10-01	jgd2000	base/dem10/6542.tif
654223	DEM10B	2016-10-01	jgd2000	base/dem10/6542.tif
654224	DEM10B	2016-10-01	jgd2000	base/dem10/6542.tif
654225	DEM10B	2016-10-01	jgd2000	base/dem10/6542.tif
654226	DEM10B	2016-10-01	jgd2000	base/dem10/6542.tif
654227	DEM10B	2016-10-01	jgd2000	base/dem10/6542.tif
654230	DEM10B	2016-10-01	jgd2000	base/dem10/6542.tif
654231	DEM10B	2016-10-01	jgd2000	base/dem10/6542.tif
654232	DEM10B	2016-10-01	jgd2000	base/dem10/6542.tif
654233	DEM10B	2016-10-01	jgd2000	base/dem10/6542.tif
654234	DEM10B	2016-10-01	jgd2000	base/dem10/6542.tif
654235	DEM10B	2016-10-01	jgd2000	base/dem10/6542.tif
654236	DEM10B	2016-10-01	jgd2000	base/dem10/6542.tif
654237	DEM10B	2016-10-01	jgd2000	base/dem10/6542.tif
654240	DEM10B	2016-10-01	jgd2000	base/dem10/6542.tif
654241	DEM10B	2016-10-01	jgd2000	base/dem10/6542.tif
654242	DEM10B	2016-10-01	jgd2000	base/dem10/6542.tif
654243	DEM10B	2016-10-01	jgd2000	base/dem10/6542.tif
654244	DEM10B	2016-10-01	jgd2000	base/dem10/6542.tif
654245	DEM10B	2016-10-01	jgd2000	base/dem10/6542.tif
654246	DEM10B	2016-10-01	jgd2000	base/dem10/6542.tif
654247	DEM10B	2016-10-01	jgd2000	base/dem10/6542.tif
654250	DEM10B	2016-10-01	jgd2000	base/dem10/6542.tif
654251	DEM10B	2016-10-01	jgd2000	base/dem10/6542.tif
654252	DEM10B	2016-10-01	jgd2000	base/dem10/6542.tif
654253	DEM10B	2016-10-01	jgd2000	base/dem10/6542.tif
654254	DEM10B	2016-10-01	jgd2000	base/dem10/6542.tif
654255	DEM10B	2016-10-01	jgd2000	base/dem10/6542.tif
654256	DEM10B	2016-10-01	jgd2000	base/dem10/6542.tif
654257	DEM10B	2016-10-01	jgd2000	base/dem10/6542.tif
654260	DEM10B	2016-10-01	jgd2000	base/dem10/6542.tif
654261	DEM10B	2016-10-01	jgd2000	base/dem10/6542.tif
654262	DEM10B	2016-10-01	jgd2000	base/dem10/6542.tif
654263	DEM10B	2016-10-01	jgd2000	base/dem10/6542.tif
654264	DEM10B	2016-10-01	jgd2000	base/dem10/6542.tif
654265	DEM10B	2016-10-01	jgd2000	base/dem10/6542.tif
654266	DEM10B	2016-10-01	jgd2000	base/dem10/6542.tif
654267	DEM10B	2016-10-01	jgd2000	base/dem10/6542.tif
654270	DEM10B	2016-10-01	jgd2000	base/dem10/6542.tif
654271	DEM10B	2016-10-01	jgd2000	base/dem10/6542.tif
654272	DEM10B	2016-10-01	jgd2000	base/dem10/6542.tif
654273	DEM10B	2016-10-01	jgd2000	base/dem10/6542.tif
654274	DEM10B	2016-10-01	jgd2000	base/dem10/6542.tif
654275	DEM10B	2016-10-01	jgd2000	base/dem10/6542.tif
654276	DEM10B	2016-10-01	jgd2000	base/dem10/6542.tif
654277	DEM10B	2016-10-01	jgd2000	base/dem10/6542.tif
654300	DEM10B	2016-10-01	jgd2000	base/dem10/6543.tif
654301	DEM10B	2016-10-01	jgd2000	base/dem10/6543.tif
654302	DEM10B	2016-10-01	jgd2000	base/dem10/6543.tif
654303	DEM10B	2016-10-01	jgd2000	base/dem10/6543.tif
654304	DEM10B	2016-10-01	jgd2000	base/dem10/6543.tif
654305	DEM10B	2016-10-01	jgd2000	base/dem10/6543.tif
654306	DEM10B	2016-10-01	jgd2000	base/dem10/6543.tif
654307	DEM10A	2016-10-01	jgd2000	base/dem10/6543.tif
654307	DEM10B	2016-10-01	jgd2000	base/dem10/6543.tif
654310	DEM10B	2016-10-01	jgd2000	base/dem10/6543.tif
654311	DEM10B	2016-10-01	jgd2000	base/dem10/6543.tif
654312	DEM10B	2016-10-01	jgd2000	base/dem10/6543.tif
654313	DEM10B	2016-10-01	jgd2000	base/dem10/6543.tif
654314	DEM10B	2016-10-01	jgd2000	base/dem10/6543.tif
654315	DEM10B	2016-10-01	jgd2000	base/dem10/6543.tif
654316	DEM10B	2016-10-01	jgd2000	base/dem10/6543.tif
654317	DEM10A	2016-10-01	jgd2000	base/dem10/6543.tif
654317	DEM10B	2016-10-01	jgd2000	base/dem10/6543.tif
654320	DEM10B	2016-10-01	jgd2000	base/dem10/6543.tif
654321	DEM10B	2016-10-01	jgd2000	base/dem10/6543.tif
654322	DEM10B	2016-10-01	jgd2000	base/dem10/6543.tif
654323	DEM10B	2016-10-01	jgd2000	base/dem10/6543.tif
654324	DEM10B	2016-10-01	jgd2000	base/dem10/6543.tif
654325	DEM10B	2016-10-01	jgd2000	base/dem10/6543.tif
654326	DEM10B	2016-10-01	jgd2000	base/dem10/6543.tif
654327	DEM10B	2016-10-01	jgd2000	base/dem10/6543.tif
654330	DEM10B	2016-10-01	jgd2000	base/dem10/6543.tif
654331	DEM10B	2016-10-01	jgd2000	base/dem10/6543.tif
654332	DEM10B	2016-10-01	jgd2000	base/dem10/6543.tif
654333	DEM10B	2016-10-01	jgd2000	base/dem10/6543.tif
654334	DEM10B	2016-10-01	jgd2000	base/dem10/6543.tif
654335	DEM10B	2016-10-01	jgd2000	base/dem10/6543.tif
654336	DEM10B	2016-10-01	jgd2000	base/dem10/6543.tif
654337	DEM10B	2016-10-01	jgd2000	base/dem10/6543.tif
654340	DEM10B	2016-10-01	jgd2000	base/dem10/6543.tif
654341	DEM10B	2016-10-01	jgd2000	base/dem10/6543.tif
654342	DEM10B	2016-10-01	jgd2000	base/dem10/6543.tif
654343	DEM10B	2016-10-01	jgd2000	base/dem10/6543.tif
654344	DEM10B	2016-10-01	jgd2000	base/dem10/6543.tif
654345	DEM10B	2016-10-01	jgd2000	base/dem10/6543.tif
654346	DEM10B	2016-10-01	jgd2000	base/dem10/6543.tif
654347	DEM10B	2016-10-01	jgd2000	base/dem10/6543.tif
654350	DEM10B	2016-10-01	jgd2000	base/dem10/6543.tif
654351	DEM10B	2016-10-01	jgd2000	base/dem10/6543.tif
654352	DEM10B	2016-10-01	jgd2000	base/dem10/6543.tif
654353	DEM10B	2016-10-01	jgd2000	base/dem10/6543.tif
654354	DEM10B	2016-10-01	jgd2000	base/dem10/6543.tif
654355	DEM10B	2016-10-01	jgd2000	base/dem10/6543.tif
654356	DEM10B	2016-10-01	jgd2000	base/dem10/6543.tif
654357	DEM10B	2016-10-01	jgd2000	base/dem10/6543.tif
654360	DEM10B	2016-10-01	jgd2000	base/dem10/6543.tif
654361	DEM10B	2016-10-01	jgd2000	base/dem10/6543.tif
654362	DEM10B	2016-10-01	jgd2000	base/dem10/6543.tif
654363	DEM10B	2016-10-01	jgd2000	base/dem10/6543.tif
654364	DEM10B	2016-10-01	jgd2000	base/dem10/6543.tif
654365	DEM10B	2016-10-01	jgd2000	base/dem10/6543.tif
654366	DEM10B	2016-10-01	jgd2000	base/dem10/6543.tif
654367	DEM10B	2016-10-01	jgd2000	base/dem10/6543.tif
654370	DEM10B	2016-10-01	jgd2000	base/dem10/6543.tif
654371	DEM10B	2016-10-01	jgd2000	base/dem10/6543.tif
654372	DEM10B	2016-10-01	jgd2000	base/dem10/6543.tif
654373	DEM10B	2016-10-01	jgd2000	base/dem10/6543.tif
654374	DEM10B	2016-10-01	jgd2000	base/dem10/6543.tif
654375	DEM10B	2016-10-01	jgd2000	base/dem10/6543.tif
654376	DEM10B	2016-10-01	jgd2000	base/dem10/6543.tif
654377	DEM10B	2016-10-01	jgd2000	base/dem10/6543.tif
654400	DEM10A	2016-10-01	jgd2000	base/dem10/6544.tif
654400	DEM10B	2016-10-01	jgd2000	base/dem10/6544.tif
654401	DEM10B	2016-10-01	jgd2000	base/dem10/6544.tif
654402	DEM10B	2016-10-01	jgd2000	base/dem10/6544.tif
654403	DEM10B	2016-10-01	jgd2000	base/dem10/6544.tif
654404	DEM10B	2016-10-01	jgd2000	base/dem10/6544.tif
654405	DEM10B	2016-10-01	jgd2000	base/dem10/6544.tif
654406	DEM10B	2016-10-01	jgd2000	base/dem10/6544.tif
654407	DEM10B	2016-10-01	jgd2000	base/dem10/6544.tif
654410	DEM10A	2016-10-01	jgd2000	base/dem10/6544.tif
654410	DEM10B	2016-10-01	jgd2000	base/dem10/6544.tif
654411	DEM10B	2016-10-01	jgd2000	base/dem10/6544.tif
654412	DEM10B	2016-10-01	jgd2000	base/dem10/6544.tif
654413	DEM10B	2016-10-01	jgd2000	base/dem10/6544.tif
654414	DEM10B	2016-10-01	jgd2000	base/dem10/6544.tif
654415	DEM10B	2016-10-01	jgd2000	base/dem10/6544.tif
654416	DEM10B	2016-10-01	jgd2000	base/dem10/6544.tif
654417	DEM10B	2016-10-01	jgd2000	base/dem10/6544.tif
654420	DEM10B	2016-10-01	jgd2000	base/dem10/6544.tif
654421	DEM10B	2016-10-01	jgd2000	base/dem10/6544.tif
654422	DEM10B	2016-10-01	jgd2000	base/dem10/6544.tif
654423	DEM10B	2016-10-01	jgd2000	base/dem10/6544.tif
654424	DEM10B	2016-10-01	jgd2000	base/dem10/6544.tif
654425	DEM10B	2016-10-01	jgd2000	base/dem10/6544.tif
654426	DEM10B	2016-10-01	jgd2000	base/dem10/6544.tif
654427	DEM10B	2016-10-01	jgd2000	base/dem10/6544.tif
654430	DEM10B	2016-10-01	jgd2000	base/dem10/6544.tif
654431	DEM10B	2016-10-01	jgd2000	base/dem10/6544.tif
654432	DEM10B	2016-10-01	jgd2000	base/dem10/6544.tif
654433	DEM10B	2016-10-01	jgd2000	base/dem10/6544.tif
654434	DEM10B	2016-10-01	jgd2000	base/dem10/6544.tif
654435	DEM10B	2016-10-01	jgd2000	base/dem10/6544.tif
654436	DEM10B	2016-10-01	jgd2000	base/dem10/6544.tif
654437	DEM10B	2016-10-01	jgd2000	base/dem10/6544.tif
654440	DEM10B	2016-10-01	jgd2000	base/dem10/6544.tif
654441	DEM10B	2016-10-01	jgd2000	base/dem10/6544.tif
654442	DEM10B	2016-10-01	jgd2000	base/dem10/6544.tif
654443	DEM10B	2016-10-01	jgd2000	base/dem10/6544.tif
654444	DEM10B	2016-10-01	jgd2000	base/dem10/6544.tif
654445	DEM10B	2016-10-01	jgd2000	base/dem10/6544.tif
654446	DEM10B	2016-10-01	jgd2000	base/dem10/6544.tif
654447	DEM10B	2016-10-01	jgd2000	base/dem10/6544.tif
654450	DEM10B	2016-10-01	jgd2000	base/dem10/6544.tif
654451	DEM10B	2016-10-01	jgd2000	base/dem10/6544.tif
654452	DEM10B	2016-10-01	jgd2000	base/dem10/6544.tif
654453	DEM10B	2016-10-01	jgd2000	base/dem10/6544.tif
654454	DEM10B	2016-10-01	jgd2000	base/dem10/6544.tif
654455	DEM10B	2016-10-01	jgd2000	base/dem10/6544.tif
654456	DEM10B	2016-10-01	jgd2000	base/dem10/6544.tif
654457	DEM10B	2016-10-01	jgd2000	base/dem10/6544.tif
654460	DEM10B	2016-10-01	jgd2000	base/dem10/6544.tif
654461	DEM10B	2016-10-01	jgd2000	base/dem10/6544.tif
654462	DEM10B	2016-10-01	jgd2000	base/dem10/6544.tif
654463	DEM10B	2016-10-01	jgd2000	base/dem10/6544.tif
654464	DEM10B	2016-10-01	jgd2000	base/dem10/6544.tif
654465	DEM10B	2016-10-01	jgd2000	base/dem10/6544.tif
654466	DEM10B	2016-10-01	jgd2000	base/dem10/6544.tif
654467	DEM10B	2016-10-01	jgd2000	base/dem10/6544.tif
654470	DEM10B	2016-10-01	jgd2000	base/dem10/6544.tif
654471	DEM10B	2016-10-01	jgd2000	base/dem10/6544.tif
654472	DEM10B	2016-10-01	jgd2000	base/dem10/6544.tif
654473	DEM10B	2016-10-01	jgd2000	base/dem10/6544.tif
654474	DEM10B	2016-10-01	jgd2000	base/dem10/6544.tif
654475	DEM10B	2016-10-01	jgd2000	base/dem10/6544.tif
654476	DEM10B	2016-10-01	jgd2000	base/dem10/6544.tif
654477	DEM10B	2016-10-01	jgd2000	base/dem10/6544.tif
654500	DEM10B	2016-10-01	jgd2000	base/dem10/6545-fill.tif
654501	DEM10B	2016-10-01	jgd2000	base/dem10/6545-fill.tif
654502	DEM10B	2016-10-01	jgd2000	base/dem10/6545-fill.tif
654504	DEM10B	2016-10-01	jgd2000	base/dem10/6545-fill.tif
654505	DEM10B	2016-10-01	jgd2000	base/dem10/6545-fill.tif
654506	DEM10B	2016-10-01	jgd2011	base/dem10/6545.tif
654507	DEM10B	2016-10-01	jgd2011	base/dem10/6545.tif
654510	DEM10B	2016-10-01	jgd2000	base/dem10/6545-fill.tif
654511	DEM10B	2016-10-01	jgd2000	base/dem10/6545-fill.tif
654512	DEM10B	2016-10-01	jgd2000	base/dem10/6545-fill.tif
654516	DEM10B	2016-10-01	jgd2011	base/dem10/6545.tif
654517	DEM10B	2016-10-01	jgd2011	base/dem10/6545.tif
654520	DEM10B	2016-10-01	jgd2000	base/dem10/6545-fill.tif
654521	DEM10B	2016-10-01	jgd2000	base/dem10/6545-fill.tif
654522	DEM10B	2016-10-01	jgd2000	base/dem10/6545-fill.tif
654530	DEM10B	2016-10-01	jgd2000	base/dem10/6545-fill.tif
654531	DEM10B	2016-10-01	jgd2000	base/dem10/6545-fill.tif
654532	DEM10B	2016-10-01	jgd2000	base/dem10/6545-fill.tif
654534	DEM10B	2016-10-01	jgd2011	base/dem10/6545.tif
654540	DEM10B	2016-10-01	jgd2000	base/dem10/6545-fill.tif
654541	DEM10B	2016-10-01	jgd2000	base/dem10/6545-fill.tif
654543	DEM10B	2016-10-01	jgd2011	base/dem10/6545.tif
654544	DEM10B	2016-10-01	jgd2011	base/dem10/6545.tif
654550	DEM10B	2016-10-01	jgd2000	base/dem10/6545-fill.tif
654553	DEM10B	2016-10-01	jgd2011	base/dem10/6545.tif
654554	DEM10B	2016-10-01	jgd2011	base/dem10/6545.tif
654560	DEM10B	2016-10-01	jgd2000	base/dem10/6545-fill.tif
654563	DEM10B	2016-10-01	jgd2011	base/dem10/6545.tif
654564	DEM10B	2016-10-01	jgd2011	base/dem10/6545.tif
654565	DEM10B	2016-10-01	jgd2011	base/dem10/6545.tif
654570	DEM10B	2016-10-01	jgd2000	base/dem10/6545-fill.tif
654571	DEM10B	2016-10-01	jgd2000	base/dem10/6545-fill.tif
654574	DEM10B	2016-10-01	jgd2011	base/dem10/6545.tif
654575	DEM10B	2016-10-01	jgd2011	base/dem10/6545.tif
654576	DEM10B	2016-10-01	jgd2011	base/dem10/6545.tif
654600	DEM10B	2016-10-01	jgd2011	base/dem10/6546.tif
654601	DEM10B	2016-10-01	jgd2011	base/dem10/6546.tif
654610	DEM10B	2016-10-01	jgd2011	base/dem10/6546.tif
654611	DEM10B	2016-10-01	jgd2011	base/dem10/6546.tif
654620	DEM10B	2016-10-01	jgd2011	base/dem10/6546.tif
654621	DEM10B	2016-10-01	jgd2011	base/dem10/6546.tif
654623	DEM10B	2016-10-01	jgd2011	base/dem10/6546.tif
654632	DEM10B	2016-10-01	jgd2011	base/dem10/6546.tif
654633	DEM10B	2016-10-01	jgd2011	base/dem10/6546.tif
654644	DEM10B	2016-10-01	jgd2011	base/dem10/6546.tif
654645	DEM10B	2016-10-01	jgd2011	base/dem10/6546.tif
654646	DEM10B	2016-10-01	jgd2011	base/dem10/6546.tif
654654	DEM10B	2016-10-01	jgd2011	base/dem10/6546.tif
654655	DEM10B	2016-10-01	jgd2011	base/dem10/6546.tif
654656	DEM10B	2016-10-01	jgd2011	base/dem10/6546.tif
654657	DEM10B	2016-10-01	jgd2011	base/dem10/6546.tif
654665	DEM10B	2016-10-01	jgd2011	base/dem10/6546.tif
654666	DEM10B	2016-10-01	jgd2011	base/dem10/6546.tif
654667	DEM10B	2016-10-01	jgd2011	base/dem10/6546.tif
664105	DEM10B	2016-10-01	jgd2000	base/dem10/6641.tif
664106	DEM10B	2016-10-01	jgd2000	base/dem10/6641.tif
664107	DEM10B	2016-10-01	jgd2000	base/dem10/6641.tif
664115	DEM10B	2016-10-01	jgd2000	base/dem10/6641.tif
664116	DEM10B	2016-10-01	jgd2000	base/dem10/6641.tif
664117	DEM10B	2016-10-01	jgd2000	base/dem10/6641.tif
664125	DEM10B	2016-10-01	jgd2000	base/dem10/6641.tif
664126	DEM10B	2016-10-01	jgd2000	base/dem10/6641.tif
664127	DEM10B	2016-10-01	jgd2000	base/dem10/6641.tif
664135	DEM10B	2016-10-01	jgd2000	base/dem10/6641.tif
664136	DEM10B	2016-10-01	jgd2000	base/dem10/6641.tif
664137	DEM10B	2016-10-01	jgd2000	base/dem10/6641.tif
664142	DEM10B	2016-10-01	jgd2000	base/dem10/6641.tif
664145	DEM10B	2016-10-01	jgd2000	base/dem10/6641.tif
664146	DEM10B	2016-10-01	jgd2000	base/dem10/6641.tif
664147	DEM10B	2016-10-01	jgd2000	base/dem10/6641.tif
664152	DEM10B	2016-10-01	jgd2000	base/dem10/6641.tif
664153	DEM10B	2016-10-01	jgd2000	base/dem10/6641.tif
664155	DEM10B	2016-10-01	jgd2000	base/dem10/6641.tif
664156	DEM10B	2016-10-01	jgd2000	base/dem10/6641.tif
664157	DEM10B	2016-10-01	jgd2000	base/dem10/6641.tif
664166	DEM10B	2016-10-01	jgd2000	base/dem10/6641.tif
664167	DEM10B	2016-10-01	jgd2000	base/dem10/6641.tif
664176	DEM10B	2016-10-01	jgd2000	base/dem10/6641.tif
664177	DEM10B	2016-10-01	jgd2000	base/dem10/6641.tif
664200	DEM10B	2016-10-01	jgd2000	base/dem10/6642.tif
664201	DEM10B	2016-10-01	jgd2000	base/dem10/6642.tif
664202	DEM10B	2016-10-01	jgd2000	base/dem10/6642.tif
664203	DEM10B	2016-10-01	jgd2000	base/dem10/6642.tif
664204	DEM10B	2016-10-01	jgd2000	base/dem10/6642.tif
664205	DEM10B	2016-10-01	jgd2000	base/dem10/6642.tif
664206	DEM10B	2016-10-01	jgd2000	base/dem10/6642.tif
664207	DEM10B	2016-10-01	jgd2000	base/dem10/6642.tif
664210	DEM10B	2016-10-01	jgd2000	base/dem10/6642.tif
664211	DEM10B	2016-10-01	jgd2000	base/dem10/6642.tif
664212	DEM10B	2016-10-01	jgd2000	base/dem10/6642.tif
664213	DEM10B	2016-10-01	jgd2000	base/dem10/6642.tif
664214	DEM10B	2016-10-01	jgd2000	base/dem10/6642.tif
664215	DEM10B	2016-10-01	jgd2000	base/dem10/6642.tif
664216	DEM10B	2016-10-01	jgd2000	base/dem10/6642.tif
664217	DEM10B	2016-10-01	jgd2000	base/dem10/6642.tif
664220	DEM10B	2016-10-01	jgd2000	base/dem10/6642.tif
664221	DEM10B	2016-10-01	jgd2000	base/dem10/6642.tif
664222	DEM10B	2016-10-01	jgd2000	base/dem10/6642.tif
664223	DEM10B	2016-10-01	jgd2000	base/dem10/6642.tif
664224	DEM10B	2016-10-01	jgd2000	base/dem10/6642.tif
664225	DEM10B	2016-10-01	jgd2000	base/dem10/6642.tif
664226	DEM10B	2016-10-01	jgd2000	base/dem10/6642.tif
664227	DEM10B	2016-10-01	jgd2000	base/dem10/6642.tif
664230	DEM10B	2016-10-01	jgd2000	base/dem10/6642.tif
664231	DEM10B	2016-10-01	jgd2000	base/dem10/6642.tif
664232	DEM10B	2016-10-01	jgd2000	base/dem10/6642.tif
664233	DEM10B	2016-10-01	jgd2000	base/dem10/6642.tif
664234	DEM10B	2016-10-01	jgd2000	base/dem10/6642.tif
664235	DEM10B	2016-10-01	jgd2000	base/dem10/6642.tif
664236	DEM10B	2016-10-01	jgd2000	base/dem10/6642.tif
664237	DEM10B	2016-10-01	jgd2000	base/dem10/6642.tif
664240	DEM10B	2016-10-01	jgd2000	base/dem10/6642.tif
664241	DEM10B	2016-10-01	jgd2000	base/dem10/6642.tif
664242	DEM10B	2016-10-01	jgd2000	base/dem10/6642.tif
664243	DEM10B	2016-10-01	jgd2000	base/dem10/6642.tif
664244	DEM10B	2016-10-01	jgd2000	base/dem10/6642.tif
664245	DEM10B	2016-10-01	jgd2000	base/dem10/6642.tif
664246	DEM10B	2016-10-01	jgd2000	base/dem10/6642.tif
664247	DEM10B	2016-10-01	jgd2000	base/dem10/6642.tif
664250	DEM10B	2016-10-01	jgd2000	base/dem10/6642.tif
664251	DEM10B	2016-10-01	jgd2000	base/dem10/6642.tif
664252	DEM10B	2016-10-01	jgd2000	base/dem10/6642.tif
664253	DEM10B	2016-10-01	jgd2000	base/dem10/6642.tif
664254	DEM10B	2016-10-01	jgd2000	base/dem10/6642.tif
664255	DEM10B	2016-10-01	jgd2000	base/dem10/6642.tif
664256	DEM10B	2016-10-01	jgd2000	base/dem10/6642.tif
664257	DEM10B	2016-10-01	jgd2000	base/dem10/6642.tif
664260	DEM10B	2016-10-01	jgd2000	base/dem10/6642.tif
664261	DEM10B	2016-10-01	jgd2000	base/dem10/6642.tif
664262	DEM10B	2016-10-01	jgd2000	base/dem10/6642.tif
664263	DEM10B	2016-10-01	jgd2000	base/dem10/6642.tif
664264	DEM10B	2016-10-01	jgd2000	base/dem10/6642.tif
664265	DEM10B	2016-10-01	jgd2000	base/dem10/6642.tif
664266	DEM10B	2016-10-01	jgd2000	base/dem10/6642.tif
664267	DEM10B	2016-10-01	jgd2000	base/dem10/6642.tif
664270	DEM10B	2016-10-01	jgd2000	base/dem10/6642.tif
664271	DEM10B	2016-10-01	jgd2000	base/dem10/6642.tif
664272	DEM10B	2016-10-01	jgd2000	base/dem10/6642.tif
664273	DEM10B	2016-10-01	jgd2000	base/dem10/6642.tif
664274	DEM10B	2016-10-01	jgd2000	base/dem10/6642.tif
664275	DEM10B	2016-10-01	jgd2000	base/dem10/6642.tif
664276	DEM10B	2016-10-01	jgd2000	base/dem10/6642.tif
664277	DEM10B	2016-10-01	jgd2000	base/dem10/6642.tif
664300	DEM10B	2016-10-01	jgd2000	base/dem10/6643.tif
664301	DEM10B	2016-10-01	jgd2000	base/dem10/6643.tif
664302	DEM10B	2016-10-01	jgd2000	base/dem10/6643.tif
664303	DEM10B	2016-10-01	jgd2000	base/dem10/6643.tif
664304	DEM10B	2016-10-01	jgd2000	base/dem10/6643.tif
664305	DEM10B	2016-10-01	jgd2000	base/dem10/6643.tif
664306	DEM10B	2016-10-01	jgd2000	base/dem10/6643.tif
664307	DEM10B	2016-10-01	jgd2000	base/dem10/6643.tif
664310	DEM10B	2016-10-01	jgd2000	base/dem10/6643.tif
664311	DEM10B	2016-10-01	jgd2000	base/dem10/6643.tif
664312	DEM10B	2016-10-01	jgd2000	base/dem10/6643.tif
664313	DEM10B	2016-10-01	jgd2000	base/dem10/6643.tif
664314	DEM10B	2016-10-01	jgd2000	base/dem10/6643.tif
664315	DEM10B	2016-10-01	jgd2000	base/dem10/6643.tif
664316	DEM10B	2016-10-01	jgd2000	base/dem10/6643.tif
664317	DEM10B	2016-10-01	jgd2000	base/dem10/6643.tif
664320	DEM10B	2016-10-01	jgd2000	base/dem10/6643.tif
664321	DEM10B	2016-10-01	jgd2000	base/dem10/6643.tif
664322	DEM10B	2016-10-01	jgd2000	base/dem10/6643.tif
664323	DEM10B	2016-10-01	jgd2000	base/dem10/6643.tif
664324	DEM10B	2016-10-01	jgd2000	base/dem10/6643.tif
664325	DEM10B	2016-10-01	jgd2000	base/dem10/6643.tif
664326	DEM10B	2016-10-01	jgd2000	base/dem10/6643.tif
664330	DEM10B	2016-10-01	jgd2000	base/dem10/6643.tif
664331	DEM10B	2016-10-01	jgd2000	base/dem10/6643.tif
664332	DEM10B	2016-10-01	jgd2000	base/dem10/6643.tif
664333	DEM10B	2016-10-01	jgd2000	base/dem10/6643.tif
664334	DEM10B	2016-10-01	jgd2000	base/dem10/6643.tif
664340	DEM10B	2016-10-01	jgd2000	base/dem10/6643.tif
664341	DEM10B	2016-10-01	jgd2000	base/dem10/6643.tif
664342	DEM10B	2016-10-01	jgd2000	base/dem10/6643.tif
664343	DEM10B	2016-10-01	jgd2000	base/dem10/6643.tif
664350	DEM10B	2016-10-01	jgd2000	base/dem10/6643.tif
664351	DEM10B	2016-10-01	jgd2000	base/dem10/6643.tif
664360	DEM10B	2016-10-01	jgd2000	base/dem10/6643.tif
664400	DEM10B	2016-10-01	jgd2000	base/dem10/6644.tif
664401	DEM10B	2016-10-01	jgd2000	base/dem10/6644.tif
664402	DEM10B	2016-10-01	jgd2000	base/dem10/6644.tif
664407	DEM10B	2016-10-01	jgd2000	base/dem10/6644.tif
664410	DEM10B	2016-10-01	jgd2000	base/dem10/6644.tif
664411	DEM10B	2016-10-01	jgd2000	base/dem10/6644.tif
664412	DEM10B	2016-10-01	jgd2000	base/dem10/6644.tif
664500	DEM10B	2016-10-01	jgd2000	base/dem10/6645-fill.tif
664501	DEM10B	2016-10-01	jgd2000	base/dem10/6645-fill.tif
664505	DEM10B	2016-10-01	jgd2011	base/dem10/6645.tif
664506	DEM10B	2016-10-01	jgd2011	base/dem10/6645.tif
664507	DEM10B	2016-10-01	jgd2011	base/dem10/6645.tif
664510	DEM10B	2016-10-01	jgd2000	base/dem10/6645-fill.tif
664511	DEM10B	2016-10-01	jgd2000	base/dem10/6645-fill.tif
664512	DEM10B	2016-10-01	jgd2000	base/dem10/6645-fill.tif
664515	DEM10B	2016-10-01	jgd2011	base/dem10/6645.tif
664516	DEM10B	2016-10-01	jgd2011	base/dem10/6645.tif
664517	DEM10B	2016-10-01	jgd2011	base/dem10/6645.tif
664521	DEM10B	2016-10-01	jgd2000	base/dem10/6645-fill.tif
664522	DEM10B	2016-10-01	jgd2000	base/dem10/6645-fill.tif
664526	DEM10B	2016-10-01	jgd2011	base/dem10/6645.tif
664527	DEM10B	2016-10-01	jgd2011	base/dem10/6645.tif
664531	DEM10B	2016-10-01	jgd2000	base/dem10/6645-fill.tif
664532	DEM10B	2016-10-01	jgd2000	base/dem10/6645-fill.tif
664537	DEM10B	2016-10-01	jgd2011	base/dem10/6645.tif
664542	DEM10B	2016-10-01	jgd2000	base/dem10/6645-fill.tif
664547	DEM10B	2016-10-01	jgd2011	base/dem10/6645.tif
664620	DEM10B	2016-10-01	jgd2011	base/dem10/6646.tif
664630	DEM10B	2016-10-01	jgd2011	base/dem10/6646.tif
664631	DEM10B	2016-10-01	jgd2011	base/dem10/6646.tif
664632	DEM10B	2016-10-01	jgd2011	base/dem10/6646.tif
664640	DEM10B	2016-10-01	jgd2011	base/dem10/6646.tif
664641	DEM10B	2016-10-01	jgd2011	base/dem10/6646.tif
664642	DEM10B	2016-10-01	jgd2011	base/dem10/6646.tif
664643	DEM10B	2016-10-01	jgd2011	base/dem10/6646.tif
664644	DEM10B	2016-10-01	jgd2011	base/dem10/6646.tif
664650	DEM10B	2016-10-01	jgd2011	base/dem10/6646.tif
664651	DEM10B	2016-10-01	jgd2011	base/dem10/6646.tif
664652	DEM10B	2016-10-01	jgd2011	base/dem10/6646.tif
664653	DEM10B	2016-10-01	jgd2011	base/dem10/6646.tif
664654	DEM10B	2016-10-01	jgd2011	base/dem10/6646.tif
664656	DEM10B	2016-10-01	jgd2011	base/dem10/6646.tif
664657	DEM10B	2016-10-01	jgd2011	base/dem10/6646.tif
664660	DEM10B	2016-10-01	jgd2011	base/dem10/6646.tif
664661	DEM10B	2016-10-01	jgd2011	base/dem10/6646.tif
664667	DEM10B	2016-10-01	jgd2011	base/dem10/6646.tif
664677	DEM10B	2016-10-01	jgd2011	base/dem10/6646.tif
664750	DEM10B	2016-10-01	jgd2011	base/dem10/6647.tif
664760	DEM10B	2016-10-01	jgd2011	base/dem10/6647.tif
664761	DEM10B	2016-10-01	jgd2011	base/dem10/6647.tif
664770	DEM10B	2016-10-01	jgd2011	base/dem10/6647.tif
664771	DEM10B	2016-10-01	jgd2011	base/dem10/6647.tif
664772	DEM10B	2016-10-01	jgd2011	base/dem10/6647.tif
674077	DEM10B	2016-10-01	jgd2000	base/dem10/6740.tif
674106	DEM10B	2016-10-01	jgd2000	base/dem10/6741.tif
674107	DEM10B	2016-10-01	jgd2000	base/dem10/6741.tif
674116	DEM10B	2016-10-01	jgd2000	base/dem10/6741.tif
674117	DEM10B	2016-10-01	jgd2000	base/dem10/6741.tif
674125	DEM10B	2016-10-01	jgd2000	base/dem10/6741.tif
674126	DEM10B	2016-10-01	jgd2000	base/dem10/6741.tif
674127	DEM10B	2016-10-01	jgd2000	base/dem10/6741.tif
674135	DEM10B	2016-10-01	jgd2000	base/dem10/6741.tif
674136	DEM10B	2016-10-01	jgd2000	base/dem10/6741.tif
674137	DEM10B	2016-10-01	jgd2000	base/dem10/6741.tif
674145	DEM10B	2016-10-01	jgd2000	base/dem10/6741.tif
674146	DEM10B	2016-10-01	jgd2000	base/dem10/6741.tif
674147	DEM10B	2016-10-01	jgd2000	base/dem10/6741.tif
674151	DEM10B	2016-10-01	jgd2000	base/dem10/6741.tif
674152	DEM10B	2016-10-01	jgd2000	base/dem10/6741.tif
674154	DEM10B	2016-10-01	jgd2000	base/dem10/6741.tif
674155	DEM10B	2016-10-01	jgd2000	base/dem10/6741.tif
674156	DEM10B	2016-10-01	jgd2000	base/dem10/6741.tif
674157	DEM10B	2016-10-01	jgd2000	base/dem10/6741.tif
674161	DEM10B	2016-10-01	jgd2000	base/dem10/6741.tif
674162	DEM10B	2016-10-01	jgd2000	base/dem10/6741.tif
674164	DEM10B	2016-10-01	jgd2000	base/dem10/6741.tif
674165	DEM10B	2016-10-01	jgd2000	base/dem10/6741.tif
674166	DEM10B	2016-10-01	jgd2000	base/dem10/6741.tif
674167	DEM10B	2016-10-01	jgd2000	base/dem10/6741.tif
674170	DEM10B	2016-10-01	jgd2000	base/dem10/6741.tif
674171	DEM10B	2016-10-01	jgd2000	base/dem10/6741.tif
674174	DEM10B	2016-10-01	jgd2000	base/dem10/6741.tif
674175	DEM10B	2016-10-01	jgd2000	base/dem10/6741.tif
674176	DEM10B	2016-10-01	jgd2000	base/dem10/6741.tif
674177	DEM10B	2016-10-01	jgd2000	base/dem10/6741.tif
674200	DEM10B	2016-10-01	jgd2000	base/dem10/6742.tif
674201	DEM10B	2016-10-01	jgd2000	base/dem10/6742.tif
674202	DEM10B	2016-10-01	jgd2000	base/dem10/6742.tif
674203	DEM10B	2016-10-01	jgd2000	base/dem10/6742.tif
674204	DEM10B	2016-10-01	jgd2000	base/dem10/6742.tif
674205	DEM10B	2016-10-01	jgd2000	base/dem10/6742.tif
674206	DEM10B	2016-10-01	jgd2000	base/dem10/6742.tif
674210	DEM10B	2016-10-01	jgd2000	base/dem10/6742.tif
674211	DEM10B	2016-10-01	jgd2000	base/dem10/6742.tif
674212	DEM10B	2016-10-01	jgd2000	base/dem10/6742.tif
674213	DEM10B	2016-10-01	jgd2000	base/dem10/6742.tif
674214	DEM10B	2016-10-01	jgd2000	base/dem10/6742.tif
674215	DEM10B	2016-10-01	jgd2000	base/dem10/6742.tif
674216	DEM10B	2016-10-01	jgd2000	base/dem10/6742.tif
674220	DEM10B	2016-10-01	jgd2000	base/dem10/6742.tif
674221	DEM10B	2016-10-01	jgd2000	base/dem10/6742.tif
674222	DEM10B	2016-10-01	jgd2000	base/dem10/6742.tif
674223	DEM10B	2016-10-01	jgd2000	base/dem10/6742.tif
674224	DEM10B	2016-10-01	jgd2000	base/dem10/6742.tif
674225	DEM10B	2016-10-01	jgd2000	base/dem10/6742.tif
674230	DEM10B	2016-10-01	jgd2000	base/dem10/6742.tif
674231	DEM10B	2016-10-01	jgd2000	base/dem10/6742.tif
674232	DEM10B	2016-10-01	jgd2000	base/dem10/6742.tif
674233	DEM10B	2016-10-01	jgd2000	base/dem10/6742.tif
674234	DEM10B	2016-10-01	jgd2000	base/dem10/6742.tif
674240	DEM10B	2016-10-01	jgd2000	base/dem10/6742.tif
674241	DEM10B	2016-10-01	jgd2000	base/dem10/6742.tif
674242	DEM10B	2016-10-01	jgd2000	base/dem10/6742.tif
674243	DEM10B	2016-10-01	jgd2000	base/dem10/6742.tif
674244	DEM10B	2016-10-01	jgd2000	base/dem10/6742.tif
674250	DEM10B	2016-10-01	jgd2000	base/dem10/6742.tif
674251	DEM10B	2016-10-01	jgd2000	base/dem10/6742.tif
674252	DEM10B	2016-10-01	jgd2000	base/dem10/6742.tif
674253	DEM10B	2016-10-01	jgd2000	base/dem10/6742.tif
674260	DEM10B	2016-10-01	jgd2000	base/dem10/6742.tif
674261	DEM10B	2016-10-01	jgd2000	base/dem10/6742.tif
674262	DEM10B	2016-10-01	jgd2000	base/dem10/6742.tif
674270	DEM10B	2016-10-01	jgd2000	base/dem10/6742.tif
674271	DEM10B	2016-10-01	jgd2000	base/dem10/6742.tif
674272	DEM10B	2016-10-01	jgd2000	base/dem10/6742.tif
674701	DEM10B	2016-10-01	jgd2011	base/dem10/6747.tif
674702	DEM10B	2016-10-01	jgd2011	base/dem10/6747.tif
674703	DEM10B	2016-10-01	jgd2011	base/dem10/6747.tif
674710	DEM10B	2016-10-01	jgd2011	base/dem10/6747.tif
674711	DEM10B	2016-10-01	jgd2011	base/dem10/6747.tif
674712	DEM10B	2016-10-01	jgd2011	base/dem10/6747.tif
674713	DEM10B	2016-10-01	jgd2011	base/dem10/6747.tif
674714	DEM10B	2016-10-01	jgd2011	base/dem10/6747.tif
674722	DEM10B	2016-10-01	jgd2011	base/dem10/6747.tif
674723	DEM10B	2016-10-01	jgd2011	base/dem10/6747.tif
674724	DEM10B	2016-10-01	jgd2011	base/dem10/6747.tif
674725	DEM10B	2016-10-01	jgd2011	base/dem10/6747.tif
674733	DEM10B	2016-10-01	jgd2011	base/dem10/6747.tif
674734	DEM10B	2016-10-01	jgd2011	base/dem10/6747.tif
674735	DEM10B	2016-10-01	jgd2011	base/dem10/6747.tif
674736	DEM10B	2016-10-01	jgd2011	base/dem10/6747.tif
674737	DEM10B	2016-10-01	jgd2011	base/dem10/6747.tif
674744	DEM10B	2016-10-01	jgd2011	base/dem10/6747.tif
674745	DEM10B	2016-10-01	jgd2011	base/dem10/6747.tif
674746	DEM10B	2016-10-01	jgd2011	base/dem10/6747.tif
674747	DEM10B	2016-10-01	jgd2011	base/dem10/6747.tif
674753	DEM10B	2016-10-01	jgd2011	base/dem10/6747.tif
674754	DEM10B	2016-10-01	jgd2011	base/dem10/6747.tif
674755	DEM10B	2016-10-01	jgd2011	base/dem10/6747.tif
674756	DEM10B	2016-10-01	jgd2011	base/dem10/6747.tif
674757	DEM10B	2016-10-01	jgd2011	base/dem10/6747.tif
674765	DEM10B	2016-10-01	jgd2011	base/dem10/6747.tif
674766	DEM10B	2016-10-01	jgd2011	base/dem10/6747.tif
674767	DEM10B	2016-10-01	jgd2011	base/dem10/6747.tif
674776	DEM10B	2016-10-01	jgd2011	base/dem10/6747.tif
674777	DEM10B	2016-10-01	jgd2011	base/dem10/6747.tif
674840	DEM10B	2016-10-01	jgd2011	base/dem10/6748.tif
674850	DEM10B	2016-10-01	jgd2011	base/dem10/6748.tif
674851	DEM10B	2016-10-01	jgd2011	base/dem10/6748.tif
674860	DEM10B	2016-10-01	jgd2011	base/dem10/6748.tif
674861	DEM10B	2016-10-01	jgd2011	base/dem10/6748.tif
674862	DEM10B	2016-10-01	jgd2011	base/dem10/6748.tif
674863	DEM10B	2016-10-01	jgd2011	base/dem10/6748.tif
674870	DEM10B	2016-10-01	jgd2011	base/dem10/6748.tif
674871	DEM10B	2016-10-01	jgd2011	base/dem10/6748.tif
674872	DEM10B	2016-10-01	jgd2011	base/dem10/6748.tif
674873	DEM10B	2016-10-01	jgd2011	base/dem10/6748.tif
674874	DEM10B	2016-10-01	jgd2011	base/dem10/6748.tif
674875	DEM10B	2016-10-01	jgd2011	base/dem10/6748.tif
674876	DEM10B	2016-10-01	jgd2011	base/dem10/6748.tif
684007	DEM10B	2016-10-01	jgd2000	base/dem10/6840.tif
684017	DEM10B	2016-10-01	jgd2000	base/dem10/6840.tif
684027	DEM10B	2016-10-01	jgd2000	base/dem10/6840.tif
684100	DEM10B	2016-10-01	jgd2000	base/dem10/6841.tif
684105	DEM10B	2016-10-01	jgd2000	base/dem10/6841.tif
684106	DEM10B	2016-10-01	jgd2000	base/dem10/6841.tif
684107	DEM10B	2016-10-01	jgd2000	base/dem10/6841.tif
684110	DEM10B	2016-10-01	jgd2000	base/dem10/6841.tif
684115	DEM10B	2016-10-01	jgd2000	base/dem10/6841.tif
684116	DEM10B	2016-10-01	jgd2000	base/dem10/6841.tif
684117	DEM10B	2016-10-01	jgd2000	base/dem10/6841.tif
684127	DEM10B	2016-10-01	jgd2000	base/dem10/6841.tif
684200	DEM10B	2016-10-01	jgd2000	base/dem10/6842.tif
684201	DEM10B	2016-10-01	jgd2000	base/dem10/6842.tif
684210	DEM10B	2016-10-01	jgd2000	base/dem10/6842.tif
684706	DEM10B	2016-10-01	jgd2011	base/dem10/6847.tif
684707	DEM10B	2016-10-01	jgd2011	base/dem10/6847.tif
684717	DEM10B	2016-10-01	jgd2011	base/dem10/6847.tif
684800	DEM10B	2016-10-01	jgd2011	base/dem10/6848.tif
684803	DEM10B	2016-10-01	jgd2011	base/dem10/6848.tif
684804	DEM10B	2016-10-01	jgd2011	base/dem10/6848.tif
684805	DEM10B	2016-10-01	jgd2011	base/dem10/6848.tif
684806	DEM10B	2016-10-01	jgd2011	base/dem10/6848.tif
684807	DEM10B	2016-10-01	jgd2011	base/dem10/6848.tif
684813	DEM10B	2016-10-01	jgd2011	base/dem10/6848.tif
684814	DEM10B	2016-10-01	jgd2011	base/dem10/6848.tif
684815	DEM10B	2016-10-01	jgd2011	base/dem10/6848.tif
684816	DEM10B	2016-10-01	jgd2011	base/dem10/6848.tif
684817	DEM10B	2016-10-01	jgd2011	base/dem10/6848.tif
684824	DEM10B	2016-10-01	jgd2011	base/dem10/6848.tif
684825	DEM10B	2016-10-01	jgd2011	base/dem10/6848.tif
684826	DEM10B	2016-10-01	jgd2011	base/dem10/6848.tif
684827	DEM10B	2016-10-01	jgd2011	base/dem10/6848.tif
